"Date","Price","Open","High","Low","Vol.","Change %"
"03/25/2026","6.00","6.00","6.00","6.00","823.35K","0.00%"
"03/24/2026","6.00","6.00","6.04","6.00","2.01M","0.00%"
"03/23/2026","6.00","6.15","6.00","5.75","3.18M","-2.44%"
"03/18/2026","6.15","6.18","6.15","6.15","1.15M","-0.49%"
"03/17/2026","6.18","6.18","6.18","5.85","2.70M","0.00%"
"03/16/2026","6.18","6.31","6.40","6.00","3.38M","-2.06%"
"03/13/2026","6.31","6.27","6.84","6.30","8.94M","0.64%"
"03/12/2026","6.27","5.70","6.27","5.55","3.65M","10.00%"
"03/11/2026","5.70","6.00","6.00","5.50","3.36M","-5.00%"
"03/10/2026","6.00","6.00","6.00","5.50","2.40M","0.00%"
"03/09/2026","6.00","6.00","6.00","5.75","3.04M","0.00%"
"03/06/2026","6.00","5.80","6.10","5.70","5.23M","3.45%"
"03/05/2026","5.80","6.07","5.99","5.80","3.36M","-4.45%"
"03/04/2026","6.07","6.25","6.34","6.05","3.51M","-2.88%"
"03/03/2026","6.25","6.00","6.43","6.00","3.48M","4.17%"
"03/02/2026","6.00","6.00","6.00","6.00","1.98M","0.00%"
"02/27/2026","6.00","6.05","6.65","6.00","6.50M","-0.83%"
"02/26/2026","6.05","5.50","6.05","6.05","3.29M","10.00%"
"02/25/2026","5.50","6.00","6.00","5.45","4.87M","-8.33%"
"02/24/2026","6.00","6.43","6.50","6.00","7.58M","-6.69%"
"02/23/2026","6.43","6.43","6.98","6.43","4.45M","0.00%"
"02/20/2026","6.43","5.85","6.43","6.35","4.40M","9.91%"
"02/19/2026","5.85","6.35","6.36","5.75","5.86M","-7.87%"
"02/18/2026","6.35","6.48","6.48","6.35","3.42M","-2.01%"
"02/17/2026","6.48","6.48","6.70","6.40","5.74M","0.00%"
"02/16/2026","6.48","6.60","6.98","6.48","4.75M","-1.82%"
"02/13/2026","6.60","6.70","6.65","6.60","3.34M","-1.49%"
"02/12/2026","6.70","6.67","6.70","6.60","4.23M","0.45%"
"02/11/2026","6.67","7.00","6.67","6.66","3.19M","-4.71%"
"02/10/2026","7.00","6.50","7.00","6.58","4.44M","7.69%"
"02/09/2026","6.50","6.51","6.90","6.50","4.48M","-0.15%"
"02/06/2026","6.51","6.20","6.70","6.36","3.60M","5.00%"
"02/05/2026","6.20","6.60","6.24","6.20","3.46M","-6.06%"
"02/04/2026","6.60","6.60","6.60","6.55","3.88M","0.00%"
"02/03/2026","6.60","6.53","6.96","6.57","3.01M","1.07%"
"02/02/2026","6.53","7.00","6.90","6.30","4.64M","-6.71%"
"01/30/2026","7.00","7.00","7.00","6.70","2.63M","0.00%"
"01/29/2026","7.00","6.99","7.00","6.60","3.29M","0.14%"
"01/28/2026","6.99","6.90","7.31","6.93","3.63M","1.30%"
"01/27/2026","6.90","7.05","6.95","6.90","2.15M","-2.13%"
"01/26/2026","7.05","7.20","7.30","7.00","3.96M","-2.08%"
"01/23/2026","7.20","7.20","7.20","7.01","3.27M","0.00%"
"01/22/2026","7.20","7.20","7.49","7.05","6.29M","0.00%"
"01/21/2026","7.20","7.05","7.75","6.96","13.10M","2.13%"
"01/20/2026","7.05","7.70","7.36","7.05","7.45M","-8.44%"
"01/19/2026","7.70","7.35","7.73","7.40","5.66M","4.76%"
"01/16/2026","7.35","7.05","7.73","7.05","7.16M","4.26%"
"01/15/2026","7.05","7.78","7.60","7.01","7.00M","-9.38%"
"01/14/2026","7.78","7.39","7.78","7.39","9.57M","5.28%"
"01/13/2026","7.39","7.30","7.78","6.95","20.90M","1.23%"
"01/12/2026","7.30","6.66","7.32","7.00","14.97M","9.61%"
"01/09/2026","6.66","6.06","6.66","6.50","10.23M","9.90%"
"01/08/2026","6.06","6.01","6.60","6.06","4.99M","0.83%"
"01/07/2026","6.01","6.65","7.29","6.01","9.74M","-9.62%"
"01/06/2026","6.65","6.65","6.65","6.60","12.25M","9.92%"
"01/05/2026","6.05","5.50","6.05","6.05","4.70M","10.00%"
"01/02/2026","5.50","5.00","5.50","5.25","1.69M","10.00%"
"12/31/2025","5.00","4.90","5.00","4.90","1.57M","2.04%"
"12/30/2025","4.90","4.90","4.90","4.90","654.48K","0.00%"
"12/29/2025","4.90","5.10","5.10","4.90","2.52M","-3.92%"
"12/24/2025","5.10","5.10","5.10","5.10","562.83K","0.00%"
"12/23/2025","5.10","4.69","5.11","4.70","2.62M","8.74%"
"12/22/2025","4.69","4.42","4.69","4.55","1.74M","6.11%"
"12/19/2025","4.42","4.42","4.42","4.42","927.36K","0.00%"
"12/18/2025","4.42","4.50","4.55","4.42","2.71M","-1.78%"
"12/17/2025","4.50","4.50","4.50","4.50","1.05M","0.00%"
"12/16/2025","4.50","4.50","4.58","4.50","2.34M","0.00%"
"12/15/2025","4.50","4.90","4.90","4.50","2.96M","-8.16%"
"12/12/2025","4.90","4.95","4.90","4.90","1.57M","-1.01%"
"12/11/2025","4.95","4.96","5.00","4.95","1.37M","-0.20%"
"12/10/2025","4.96","4.91","4.96","4.90","1.31M","1.02%"
"12/09/2025","4.91","5.05","5.00","4.90","7.12M","-2.77%"
"12/08/2025","5.05","4.75","5.05","5.05","658.87K","6.32%"
"12/05/2025","4.75","4.98","4.77","4.75","1.62M","-4.62%"
"12/04/2025","4.98","4.65","5.00","4.98","1.85M","7.10%"
"12/03/2025","4.65","4.65","4.65","4.65","593.19K","0.00%"
"12/02/2025","4.65","4.90","4.90","4.65","720.04K","-5.10%"
"12/01/2025","4.90","4.90","5.00","4.90","2.50M","0.00%"
"11/28/2025","4.90","5.00","5.00","4.90","1.77M","-2.00%"
"11/27/2025","5.00","4.90","5.00","4.90","810.92K","2.04%"
"11/26/2025","4.90","5.00","5.00","4.90","2.34M","-2.00%"
"11/25/2025","5.00","5.00","5.00","4.90","1.25M","0.00%"
"11/24/2025","5.00","4.90","5.00","5.00","1.51M","2.04%"
"11/21/2025","4.90","4.90","4.90","4.90","590.04K","0.00%"
"11/20/2025","4.90","5.27","4.90","4.90","801.61K","-7.02%"
"11/19/2025","5.27","5.27","5.27","5.27","434.86K","0.00%"
"11/18/2025","5.27","5.27","5.27","5.27","867.81K","0.00%"
"11/17/2025","5.27","5.25","5.70","5.27","1.23M","0.38%"
"11/14/2025","5.25","5.00","5.25","5.25","1.36M","5.00%"
"11/13/2025","5.00","4.70","5.00","4.90","4.85M","6.38%"
"11/12/2025","4.70","4.17","4.76","4.17","4.70M","8.55%"
"11/11/2025","4.33","4.33","4.33","4.33","1.96M","0.00%"
"11/10/2025","4.33","4.80","4.61","4.33","1.74M","-9.79%"
"11/07/2025","4.80","4.80","4.80","4.80","2.16M","0.00%"
"11/06/2025","4.80","4.80","4.80","4.60","1.84M","0.00%"
"11/05/2025","4.80","4.96","4.90","4.80","1.97M","-3.23%"
"11/04/2025","4.96","5.00","5.00","4.96","2.23M","-0.80%"
"11/03/2025","5.00","5.00","5.00","5.00","1.29M","0.00%"
"10/31/2025","5.00","5.00","5.00","5.00","1.15M","0.00%"
"10/30/2025","5.00","5.00","5.01","5.00","3.08M","0.00%"
"10/29/2025","5.00","5.25","5.20","5.00","3.38M","-4.76%"
"10/28/2025","5.25","5.60","5.43","5.25","3.72M","-6.25%"
"10/27/2025","5.60","5.60","5.60","5.42","2.43M","0.00%"
"10/24/2025","5.60","5.42","5.60","5.60","1.66M","3.32%"
"10/23/2025","5.42","5.62","5.62","5.42","2.11M","-3.56%"
"10/22/2025","5.62","5.70","5.82","5.60","3.37M","-1.40%"
"10/21/2025","5.70","5.78","5.71","5.70","2.26M","-1.38%"
"10/20/2025","5.78","5.71","5.80","5.78","1.35M","1.23%"
"10/17/2025","5.71","5.90","5.90","5.71","1.69M","-3.22%"
"10/16/2025","5.90","6.00","5.90","5.80","756.07K","-1.67%"
"10/15/2025","6.00","5.81","6.00","5.80","1.27M","3.27%"
"10/14/2025","5.81","5.80","5.81","5.80","2.23M","0.17%"
"10/13/2025","5.80","5.80","5.80","5.80","980.81K","0.00%"
"10/10/2025","5.80","5.60","6.00","5.80","1.90M","3.57%"
"10/09/2025","5.60","6.00","5.85","5.60","1.61M","-6.67%"
"10/08/2025","6.00","5.51","6.00","5.86","1.35M","8.89%"
"10/07/2025","5.51","5.85","6.12","5.51","5.61M","-5.81%"
"10/06/2025","5.85","5.80","5.85","5.75","3.01M","0.86%"
"10/03/2025","5.80","5.84","5.88","5.80","1.99M","-0.68%"
"10/02/2025","5.84","5.80","6.38","5.84","6.94M","0.69%"
"09/30/2025","5.80","5.70","5.85","5.80","1.10M","1.75%"
"09/29/2025","5.70","5.96","5.80","5.51","1.88M","-4.36%"
"09/26/2025","5.96","5.42","5.96","5.90","965.97K","9.96%"
"09/25/2025","5.42","5.52","5.43","5.42","2.25M","-1.81%"
"09/24/2025","5.52","5.50","5.52","5.50","1.36M","0.36%"
"09/23/2025","5.50","5.50","5.50","5.50","879.49K","0.00%"
"09/22/2025","5.50","6.00","5.99","5.50","2.81M","-8.33%"
"09/19/2025","6.00","6.00","6.00","6.00","1.21M","0.00%"
"09/18/2025","6.00","6.02","6.20","6.00","1.17M","-0.33%"
"09/17/2025","6.02","5.90","6.02","5.90","4.97M","2.03%"
"09/16/2025","5.90","6.20","5.90","5.90","1.06M","-4.84%"
"09/15/2025","6.20","6.20","6.20","6.20","1.15M","0.00%"
"09/12/2025","6.20","6.20","6.20","6.20","1.36M","0.00%"
"09/11/2025","6.20","5.94","6.20","5.98","1.72M","4.38%"
"09/10/2025","5.94","5.40","5.94","5.94","2.08M","10.00%"
"09/09/2025","5.40","5.96","5.93","5.37","5.95M","-9.40%"
"09/08/2025","5.96","5.95","6.00","5.96","1.86M","0.17%"
"09/04/2025","5.95","5.83","5.95","5.95","1.02M","2.06%"
"09/03/2025","5.83","5.89","5.83","5.50","1.45M","-1.02%"
"09/02/2025","5.89","6.29","6.00","5.67","4.09M","-6.36%"
"09/01/2025","6.29","6.30","6.29","5.70","2.83M","-0.16%"
"08/29/2025","6.30","6.50","6.30","6.30","2.69M","-3.08%"
"08/28/2025","6.50","6.50","6.58","6.50","1.83M","0.00%"
"08/27/2025","6.50","6.49","6.50","6.49","2.35M","0.15%"
"08/26/2025","6.49","7.00","6.80","6.36","4.97M","-7.29%"
"08/25/2025","7.00","6.60","7.25","6.36","5.47M","6.06%"
"08/22/2025","6.60","6.00","6.60","6.11","2.67M","10.00%"
"08/21/2025","6.00","6.63","6.29","5.98","4.34M","-9.50%"
"08/20/2025","6.63","6.70","6.70","6.05","6.29M","-1.04%"
"08/19/2025","6.70","7.00","6.90","6.37","5.81M","-4.29%"
"08/18/2025","7.00","6.65","7.00","6.60","3.40M","5.26%"
"08/15/2025","6.65","6.30","6.89","6.35","6.24M","5.56%"
"08/14/2025","6.30","7.00","7.62","6.24","31.88M","-9.09%"
"08/13/2025","6.93","6.40","6.93","6.40","11.50M","10.00%"
"08/12/2025","6.30","5.95","6.30","5.46","6.02M","5.88%"
"08/11/2025","5.95","6.05","6.35","5.45","27.37M","-1.65%"
"08/08/2025","6.05","6.00","6.40","5.95","4.76M","0.83%"
"08/07/2025","6.00","6.00","6.30","5.86","6.02M","0.00%"
"08/06/2025","6.00","6.19","6.15","6.00","7.98M","-3.07%"
"08/05/2025","6.19","6.10","6.19","6.10","4.86M","1.48%"
"08/04/2025","6.10","5.77","6.18","6.00","5.13M","5.72%"
"08/01/2025","5.77","5.67","5.85","5.60","4.26M","1.76%"
"07/31/2025","5.67","6.30","6.30","5.67","13.85M","-10.00%"
"07/30/2025","6.30","7.00","6.95","6.30","13.97M","-10.00%"
"07/29/2025","7.00","7.00","7.10","7.00","3.67M","0.00%"
"07/28/2025","7.00","7.24","7.25","6.96","4.76M","-3.31%"
"07/25/2025","7.24","6.60","7.26","6.99","11.74M","9.70%"
"07/24/2025","6.60","6.00","6.60","6.37","13.41M","10.00%"
"07/23/2025","6.00","6.00","6.44","5.50","15.49M","-1.48%"
"07/22/2025","6.09","6.76","6.75","6.09","12.21M","-9.91%"
"07/21/2025","6.76","6.95","7.64","6.76","15.49M","-2.73%"
"07/18/2025","6.95","6.25","6.95","5.71","25.21M","9.97%"
"07/17/2025","6.32","7.02","7.02","6.32","18.11M","-9.97%"
"07/16/2025","7.02","7.80","7.90","7.02","28.29M","-10.00%"
"07/14/2025","7.80","8.00","8.25","7.40","42.55M","4.00%"
"07/11/2025","7.50","7.50","7.50","7.50","9.97M","9.97%"
"07/10/2025","6.82","6.82","6.82","6.82","12.06M","10.00%"
"07/09/2025","6.20","6.20","6.20","6.06","26.36M","9.93%"
"07/08/2025","5.64","5.64","5.64","5.64","8.73M","9.94%"
"07/07/2025","5.13","4.59","5.13","4.59","12.11M","9.85%"
"07/04/2025","4.67","5.20","5.20","4.39","33.38M","-3.91%"
"07/03/2025","4.86","4.86","4.86","4.43","34.81M","9.95%"
"07/02/2025","4.42","4.42","4.42","4.42","9.39M","9.95%"
"07/01/2025","4.02","3.66","4.02","3.86","15.97M","9.84%"
"06/30/2025","3.66","3.33","3.66","3.33","16.88M","9.91%"
"06/27/2025","3.33","3.69","3.50","3.33","10.48M","-9.76%"
"06/26/2025","3.69","4.07","4.08","3.35","40.85M","-0.54%"
"06/25/2025","3.71","3.71","3.71","3.70","13.85M","9.76%"
"06/24/2025","3.38","3.30","3.38","3.19","24.17M","9.74%"
"06/23/2025","3.08","2.80","3.08","2.98","37.98M","10.00%"
"06/20/2025","2.80","2.65","2.80","2.65","8.22M","5.66%"
"06/19/2025","2.65","2.63","2.75","2.65","2.98M","0.76%"
"06/18/2025","2.63","2.80","2.80","2.63","6.59M","-6.07%"
"06/17/2025","2.80","2.90","3.00","2.80","3.82M","-3.45%"
"06/16/2025","2.90","2.80","3.08","2.52","11.25M","3.57%"
"06/13/2025","2.80","2.55","2.80","2.70","6.92M","9.80%"
"06/11/2025","2.55","2.56","2.60","2.45","2.26M","-0.39%"
"06/10/2025","2.56","2.40","2.56","2.56","2.03M","6.67%"
"06/05/2025","2.40","2.50","2.40","2.40","1.72M","-4.00%"
"06/04/2025","2.50","2.53","2.57","2.50","1.79M","-1.19%"
"06/03/2025","2.53","2.53","2.57","2.52","2.91M","0.00%"
"06/02/2025","2.53","2.57","2.57","2.43","3.45M","-1.56%"
"05/30/2025","2.57","2.64","2.64","2.44","5.76M","-2.65%"
"05/29/2025","2.64","2.45","2.64","2.45","8.39M","9.54%"
"05/28/2025","2.41","2.27","2.45","2.41","5.52M","6.17%"
"05/27/2025","2.27","2.36","2.44","2.27","5.91M","-3.81%"
"05/26/2025","2.36","2.28","2.38","2.28","6.23M","3.51%"
"05/23/2025","2.28","2.15","2.28","2.15","1.55M","6.05%"
"05/22/2025","2.15","2.20","2.15","2.06","4.93M","-2.27%"
"05/21/2025","2.20","2.25","2.25","2.20","1.95M","-2.22%"
"05/20/2025","2.25","2.34","2.37","2.11","10.64M","-3.85%"
"05/19/2025","2.34","2.59","2.48","2.34","13.67M","-9.65%"
"05/16/2025","2.59","2.48","2.60","2.40","8.77M","4.44%"
"05/15/2025","2.48","2.50","2.75","2.25","26.36M","-0.80%"
"05/14/2025","2.50","2.28","2.50","2.28","12.94M","9.65%"
"05/13/2025","2.28","2.08","2.28","2.10","15.70M","9.62%"
"05/12/2025","2.08","1.90","2.09","1.97","5.38M","9.47%"
"05/09/2025","1.90","1.94","1.94","1.90","3.05M","-2.06%"
"05/08/2025","1.94","1.90","1.94","1.90","3.92M","2.11%"
"05/07/2025","1.90","1.90","2.02","1.90","2.53M","0.00%"
"05/06/2025","1.90","1.86","1.97","1.88","3.33M","2.15%"
"05/05/2025","1.86","1.97","1.97","1.86","5.37M","-0.53%"
"05/02/2025","1.87","1.82","1.96","1.82","2.76M","2.75%"
"04/30/2025","1.82","1.81","1.97","1.82","739.91K","0.55%"
"04/29/2025","1.81","1.91","1.92","1.81","1.57M","-5.24%"
"04/28/2025","1.91","1.91","1.91","1.84","2.74M","0.00%"
"04/25/2025","1.91","1.94","1.94","1.91","2.15M","-1.04%"
"04/24/2025","1.93","1.85","2.03","1.85","5.44M","4.32%"
"04/23/2025","1.85","1.75","1.85","1.85","349.77K","5.71%"
"04/22/2025","1.75","1.89","1.89","1.75","1.14M","-7.41%"
"04/17/2025","1.89","1.80","1.89","1.80","1.26M","5.00%"
"04/16/2025","1.80","1.80","1.81","1.75","2.73M","0.00%"
"04/15/2025","1.80","1.80","1.90","1.80","2.17M","0.00%"
"04/14/2025","1.80","1.90","1.96","1.80","1.14M","-5.26%"
"04/11/2025","1.90","1.73","1.90","1.60","4.86M","9.83%"
"04/10/2025","1.73","1.59","1.73","1.60","2.51M","8.81%"
"04/09/2025","1.59","1.59","1.59","1.59","325.24K","0.00%"
"04/08/2025","1.59","1.70","1.70","1.59","1.13M","-6.47%"
"04/07/2025","1.70","1.60","1.70","1.70","1.74M","6.25%"
"04/04/2025","1.60","1.71","1.75","1.60","1.62M","-6.43%"
"04/03/2025","1.71","1.68","1.71","1.68","1.75M","1.79%"
"04/02/2025","1.68","1.68","1.68","1.60","2.03M","0.00%"
"03/28/2025","1.68","1.62","1.70","1.68","1.39M","3.70%"
"03/27/2025","1.62","1.71","1.70","1.62","2.49M","-5.26%"
"03/26/2025","1.71","1.71","1.71","1.71","765.17K","0.00%"
"03/25/2025","1.71","1.70","1.72","1.71","2.12M","0.59%"
"03/24/2025","1.70","1.76","1.70","1.63","1.20M","-3.41%"
"03/21/2025","1.76","1.72","1.76","1.71","1.27M","2.33%"
"03/20/2025","1.72","1.72","1.72","1.72","379.12K","0.00%"
"03/19/2025","1.72","1.80","1.72","1.72","572.85K","-4.44%"
"03/18/2025","1.80","1.78","1.80","1.80","607.94K","1.12%"
"03/17/2025","1.78","1.85","1.78","1.72","1.36M","-3.78%"
"03/14/2025","1.85","1.85","1.85","1.85","909.45K","0.00%"
"03/13/2025","1.85","1.80","1.85","1.83","1.06M","2.78%"
"03/12/2025","1.80","1.69","1.85","1.70","2.75M","6.51%"
"03/11/2025","1.69","1.69","1.69","1.69","719.45K","0.00%"
"03/10/2025","1.69","1.62","1.69","1.65","1.28M","4.32%"
"03/07/2025","1.62","1.62","1.62","1.62","379.03K","0.00%"
"03/06/2025","1.62","1.52","1.62","1.62","719.19K","6.58%"
"03/05/2025","1.52","1.68","1.66","1.52","5.39M","-9.52%"
"03/04/2025","1.68","1.76","1.75","1.68","1.48M","-4.55%"
"03/03/2025","1.76","1.77","1.76","1.65","976.88K","-0.56%"
"02/28/2025","1.77","1.78","1.79","1.69","2.13M","-0.56%"
"02/27/2025","1.78","1.69","1.78","1.69","3.22M","5.33%"
"02/26/2025","1.69","1.72","1.71","1.69","519.96K","-1.74%"
"02/25/2025","1.72","1.71","1.72","1.72","900.11K","0.58%"
"02/24/2025","1.71","1.74","1.72","1.71","2.08M","-1.72%"
"02/21/2025","1.74","1.69","1.74","1.73","1.10M","2.96%"
"02/20/2025","1.69","1.69","1.74","1.69","2.00M","0.00%"
"02/19/2025","1.69","1.70","1.69","1.53","4.89M","-0.59%"
"02/18/2025","1.70","1.70","1.73","1.69","3.82M","0.00%"
"02/17/2025","1.70","1.73","1.73","1.70","3.71M","-1.73%"
"02/14/2025","1.73","1.76","1.77","1.73","4.53M","-1.70%"
"02/13/2025","1.76","1.80","1.82","1.73","5.73M","-2.22%"
"02/12/2025","1.80","1.89","1.84","1.71","6.42M","-4.76%"
"02/11/2025","1.89","1.89","1.89","1.89","2.33M","0.00%"
"02/10/2025","1.89","1.87","1.89","1.89","758.68K","1.07%"
"02/07/2025","1.87","1.88","1.87","1.70","3.93M","-0.53%"
"02/06/2025","1.88","1.88","1.89","1.88","933.84K","0.00%"
"02/05/2025","1.88","1.80","1.89","1.88","3.62M","4.44%"
"02/04/2025","1.80","1.81","1.89","1.80","1.44M","-0.55%"
"02/03/2025","1.81","1.81","1.81","1.81","536.24K","0.00%"
"01/31/2025","1.81","1.90","1.83","1.79","4.07M","-4.74%"
"01/30/2025","1.90","1.89","1.97","1.85","4.20M","0.53%"
"01/29/2025","1.89","1.87","1.90","1.87","1.37M","1.07%"
"01/28/2025","1.87","1.86","1.88","1.87","1.26M","0.54%"
"01/27/2025","1.86","1.95","1.95","1.86","2.23M","-4.62%"
"01/24/2025","1.95","1.95","1.98","1.95","465.00K","0.00%"
"01/23/2025","1.95","1.95","1.98","1.95","2.37M","0.00%"
"01/22/2025","1.95","1.85","1.96","1.95","1.49M","5.41%"
"01/21/2025","1.85","1.90","1.85","1.85","1.00M","-2.63%"
"01/20/2025","1.90","1.95","1.92","1.90","1.80M","-2.56%"
"01/17/2025","1.95","1.96","1.96","1.82","2.64M","-0.51%"
"01/16/2025","1.96","1.95","1.96","1.82","2.41M","0.51%"
"01/15/2025","1.95","1.97","1.95","1.95","1.06M","-1.02%"
"01/14/2025","1.97","2.02","2.02","1.97","3.31M","-2.48%"
"01/13/2025","2.02","1.97","2.02","1.97","4.35M","2.54%"
"01/10/2025","1.97","1.90","1.99","1.86","2.83M","3.68%"
"01/09/2025","1.90","1.85","1.97","1.90","4.42M","2.70%"
"01/08/2025","1.85","1.80","1.97","1.80","13.36M","2.78%"
"01/07/2025","1.80","2.00","2.05","1.80","14.53M","-10.00%"
"01/06/2025","2.00","2.03","2.15","2.00","11.06M","-1.48%"
"01/03/2025","2.03","1.88","2.06","1.89","16.48M","7.98%"
"01/02/2025","1.88","1.82","1.88","1.80","3.39M","3.30%"
"12/31/2024","1.82","1.80","1.86","1.80","3.25M","1.11%"
"12/30/2024","1.80","1.80","1.85","1.80","1.63M","0.00%"
"12/27/2024","1.80","1.82","1.80","1.80","1.13M","-1.10%"
"12/24/2024","1.82","1.82","1.82","1.82","615.57K","0.00%"
"12/23/2024","1.82","1.85","1.85","1.82","3.09M","-1.62%"
"12/20/2024","1.85","1.82","1.85","1.80","1.21M","1.65%"
"12/19/2024","1.82","1.76","1.82","1.76","1.67M","3.41%"
"12/18/2024","1.76","1.76","1.78","1.76","847.89K","0.00%"
"12/17/2024","1.76","1.87","1.87","1.76","727.87K","-5.88%"
"12/16/2024","1.87","1.73","1.87","1.80","767.62K","8.09%"
"12/13/2024","1.73","1.77","1.78","1.73","4.25M","-2.26%"
"12/12/2024","1.77","1.78","1.80","1.77","959.66K","-0.56%"
"12/11/2024","1.78","1.85","1.79","1.78","3.22M","-3.78%"
"12/10/2024","1.85","1.87","1.85","1.85","1.90M","-1.07%"
"12/09/2024","1.87","1.87","1.87","1.87","4.94M","0.00%"
"12/06/2024","1.87","1.85","1.92","1.87","924.20K","1.08%"
"12/05/2024","1.85","1.96","2.15","1.77","8.56M","-5.61%"
"12/04/2024","1.96","1.79","1.96","1.89","5.54M","9.50%"
"12/03/2024","1.79","1.77","1.82","1.79","1.92M","1.13%"
"12/02/2024","1.77","1.93","1.77","1.77","536.48K","-8.29%"
"11/29/2024","1.93","1.93","1.93","1.93","645.48K","0.00%"
"11/28/2024","1.93","1.79","1.93","1.93","819.09K","7.82%"
"11/27/2024","1.79","1.79","1.79","1.79","551.03K","0.00%"
"11/26/2024","1.79","1.80","1.92","1.79","2.57M","-0.56%"
"11/25/2024","1.80","1.78","1.80","1.79","1.70M","1.12%"
"11/22/2024","1.78","1.87","1.90","1.76","1.62M","-4.81%"
"11/21/2024","1.87","1.89","1.90","1.87","2.17M","-1.06%"
"11/20/2024","1.89","1.90","1.91","1.88","1.67M","-0.53%"
"11/19/2024","1.90","1.90","2.05","1.90","3.33M","0.00%"
"11/18/2024","1.90","1.85","1.91","1.86","1.33M","2.70%"
"11/15/2024","1.85","1.90","1.85","1.81","314.98K","-2.63%"
"11/14/2024","1.90","1.89","1.90","1.80","3.18M","0.53%"
"11/13/2024","1.89","1.90","1.90","1.80","2.38M","-0.53%"
"11/12/2024","1.90","1.90","1.90","1.74","9.21M","0.00%"
"11/11/2024","1.90","1.89","1.90","1.77","3.91M","0.53%"
"11/08/2024","1.89","1.75","1.89","1.89","463.22K","8.00%"
"11/07/2024","1.75","1.77","1.90","1.75","4.34M","-1.13%"
"11/06/2024","1.77","1.80","1.88","1.77","5.64M","-1.67%"
"11/05/2024","1.80","1.73","1.89","1.80","5.11M","4.05%"
"11/04/2024","1.73","1.92","1.90","1.73","2.08M","-9.90%"
"11/01/2024","1.92","1.88","2.02","1.80","4.29M","2.13%"
"10/31/2024","1.88","1.82","1.88","1.82","1.37M","3.30%"
"10/30/2024","1.82","1.80","1.82","1.80","2.37M","1.11%"
"10/29/2024","1.80","1.90","1.84","1.73","4.75M","-5.26%"
"10/28/2024","1.90","1.80","1.98","1.72","9.65M","5.56%"
"10/25/2024","1.80","1.89","1.87","1.76","3.51M","-4.76%"
"10/24/2024","1.89","1.90","1.90","1.71","9.44M","-0.53%"
"10/23/2024","1.90","1.85","1.90","1.76","1.51M","2.70%"
"10/22/2024","1.85","1.85","1.85","1.85","256.96K","0.00%"
"10/21/2024","1.85","1.87","1.85","1.82","1.66M","-1.07%"
"10/18/2024","1.87","1.90","1.87","1.87","442.08K","-1.58%"
"10/17/2024","1.90","1.82","2.03","1.82","2.42M","2.70%"
"10/16/2024","1.85","1.90","1.89","1.83","1.84M","-2.63%"
"10/15/2024","1.90","1.90","1.90","1.85","976.30K","0.00%"
"10/14/2024","1.90","1.89","1.90","1.85","1.81M","0.53%"
"10/11/2024","1.89","1.89","1.89","1.89","355.80K","0.00%"
"10/10/2024","1.89","1.85","2.00","1.89","2.29M","2.16%"
"10/09/2024","1.85","1.98","2.17","1.85","5.74M","-6.57%"
"10/08/2024","1.98","1.98","2.00","1.98","4.99M","0.00%"
"10/07/2024","1.98","2.00","2.10","1.92","7.38M","-1.00%"
"10/04/2024","2.00","1.83","2.01","1.85","8.32M","9.29%"
"10/03/2024","1.83","1.83","1.87","1.82","4.77M","0.00%"
"10/02/2024","1.83","1.82","2.00","1.83","5.28M","0.55%"
"09/30/2024","1.82","1.81","1.99","1.82","8.50M","0.55%"
"09/27/2024","1.81","1.96","1.96","1.81","6.03M","1.12%"
"09/26/2024","1.79","1.66","1.79","1.66","10.42M","9.82%"
"09/25/2024","1.63","1.49","1.63","1.63","1.62M","9.40%"
"09/24/2024","1.49","1.65","1.69","1.49","10.66M","-9.70%"
"09/23/2024","1.65","1.69","1.65","1.65","458.47K","-2.37%"
"09/20/2024","1.69","1.63","1.69","1.69","362.16K","3.68%"
"09/19/2024","1.63","1.73","1.73","1.56","5.96M","-5.78%"
"09/18/2024","1.73","1.75","1.80","1.60","3.89M","-1.14%"
"09/17/2024","1.75","1.74","1.78","1.75","3.05M","0.57%"
"09/13/2024","1.74","1.69","1.82","1.61","9.69M","2.96%"
"09/12/2024","1.69","1.70","1.71","1.69","5.28M","-0.59%"
"09/11/2024","1.70","1.66","1.78","1.65","3.15M","2.41%"
"09/10/2024","1.66","1.80","1.80","1.66","8.02M","0.00%"
"09/09/2024","1.66","1.51","1.66","1.65","4.83M","9.93%"
"09/06/2024","1.51","1.38","1.51","1.38","5.27M","9.42%"
"09/05/2024","1.38","1.53","1.55","1.38","25.42M","-9.80%"
"09/04/2024","1.53","1.68","1.70","1.52","22.74M","-8.93%"
"09/03/2024","1.68","1.70","1.71","1.68","6.09M","-1.18%"
"09/02/2024","1.70","1.85","1.93","1.67","16.97M","-8.11%"
"08/30/2024","1.85","1.90","1.90","1.85","8.19M","-2.63%"
"08/29/2024","1.90","1.95","1.95","1.85","1.94M","-2.56%"
"08/28/2024","1.95","1.93","1.95","1.95","893.64K","1.04%"
"08/27/2024","1.93","1.85","1.93","1.85","1.39M","4.32%"
"08/26/2024","1.85","1.90","1.90","1.81","10.52M","-2.63%"
"08/23/2024","1.90","2.00","1.94","1.80","2.21M","-5.00%"
"08/22/2024","2.00","1.92","2.00","1.97","4.52M","4.17%"
"08/21/2024","1.92","1.92","2.00","1.92","2.98M","0.00%"
"08/20/2024","1.92","2.06","2.00","1.92","2.45M","-6.80%"
"08/19/2024","2.06","1.88","2.06","2.06","1.52M","9.57%"
"08/16/2024","1.88","1.85","1.88","1.88","680.70K","1.62%"
"08/15/2024","1.85","1.90","1.85","1.85","586.13K","-2.63%"
"08/14/2024","1.90","1.85","1.90","1.85","1.15M","2.70%"
"08/13/2024","1.85","1.89","1.89","1.85","1.44M","-2.12%"
"08/12/2024","1.89","1.89","1.99","1.89","1.77M","0.00%"
"08/09/2024","1.89","1.89","1.89","1.76","1.69M","0.00%"
"08/08/2024","1.89","1.97","1.89","1.89","791.79K","-4.06%"
"08/07/2024","1.97","1.89","1.98","1.83","2.53M","4.23%"
"08/06/2024","1.89","1.81","1.98","1.71","5.21M","4.42%"
"08/05/2024","1.81","1.85","1.90","1.76","4.83M","-2.16%"
"08/02/2024","1.85","1.76","1.85","1.59","3.04M","5.11%"
"08/01/2024","1.76","1.65","1.80","1.55","2.97M","6.67%"
"07/31/2024","1.65","1.54","1.65","1.60","2.54M","7.14%"
"07/30/2024","1.54","1.66","1.61","1.54","2.28M","-7.23%"
"07/29/2024","1.66","1.67","1.66","1.63","2.45M","-0.60%"
"07/26/2024","1.67","1.58","1.67","1.58","1.43M","5.70%"
"07/25/2024","1.58","1.63","1.65","1.54","2.55M","-3.07%"
"07/24/2024","1.63","1.70","1.70","1.54","3.76M","-4.12%"
"07/23/2024","1.70","1.70","1.87","1.63","4.89M","0.00%"
"07/22/2024","1.70","1.61","1.70","1.57","6.51M","5.59%"
"07/19/2024","1.61","1.60","1.63","1.56","9.75M","-4.17%"
"07/18/2024","1.68","1.72","1.72","1.57","15.13M","-2.33%"
"07/17/2024","1.72","1.80","1.84","1.70","2.33M","-4.44%"
"07/16/2024","1.80","1.84","1.85","1.80","2.92M","-2.17%"
"07/15/2024","1.84","1.72","1.85","1.72","4.25M","6.98%"
"07/12/2024","1.72","1.79","1.84","1.70","2.23M","-3.91%"
"07/11/2024","1.79","1.80","1.80","1.76","6.98M","-0.56%"
"07/10/2024","1.80","1.80","1.84","1.70","7.47M","0.00%"
"07/09/2024","1.80","1.83","1.83","1.80","2.32M","-1.64%"
"07/08/2024","1.83","1.77","1.83","1.77","7.72M","3.39%"
"07/05/2024","1.77","1.76","1.85","1.75","2.50M","0.57%"
"07/04/2024","1.76","1.64","1.76","1.69","4.40M","7.32%"
"07/03/2024","1.64","1.60","1.65","1.58","3.19M","2.50%"
"07/02/2024","1.60","1.65","1.65","1.58","8.31M","-3.03%"
"07/01/2024","1.65","1.64","1.65","1.64","3.04M","0.61%"
"06/28/2024","1.64","1.63","1.64","1.60","6.61M","0.61%"
"06/27/2024","1.63","1.54","1.65","1.52","9.89M","5.84%"
"06/26/2024","1.54","1.40","1.54","1.45","9.61M","10.00%"
"06/25/2024","1.40","1.40","1.42","1.40","1.44M","0.00%"
"06/24/2024","1.40","1.34","1.45","1.36","3.51M","4.48%"
"06/21/2024","1.34","1.37","1.47","1.30","1.99M","-2.19%"
"06/20/2024","1.37","1.37","1.37","1.27","4.51M","0.00%"
"06/19/2024","1.37","1.37","1.37","1.27","1.98M","0.00%"
"06/14/2024","1.37","1.30","1.38","1.26","4.22M","5.38%"
"06/13/2024","1.30","1.25","1.36","1.25","9.84M","4.00%"
"06/11/2024","1.25","1.14","1.25","1.17","4.56M","9.65%"
"06/10/2024","1.14","1.14","1.14","1.14","1.35M","0.00%"
"06/07/2024","1.14","1.08","1.14","1.09","746.35K","5.56%"
"06/06/2024","1.08","1.07","1.11","1.08","3.23M","0.93%"
"06/05/2024","1.07","1.15","1.11","1.07","6.10M","-6.96%"
"06/04/2024","1.15","1.15","1.15","1.09","8.01M","-1.71%"
"06/03/2024","1.17","1.10","1.17","1.17","2.82M","6.36%"
"05/31/2024","1.10","1.20","1.22","1.10","4.12M","-8.33%"
"05/30/2024","1.20","1.15","1.20","1.20","832.38K","4.35%"
"05/29/2024","1.15","1.11","1.15","1.07","8.33M","3.60%"
"05/28/2024","1.11","1.10","1.11","1.10","10.31M","0.91%"
"05/27/2024","1.10","1.20","1.28","1.10","10.82M","-8.33%"
"05/24/2024","1.20","1.26","1.29","1.14","9.43M","-4.76%"
"05/23/2024","1.26","1.39","1.26","1.26","1.70M","-9.35%"
"05/22/2024","1.39","1.39","1.40","1.26","1.53M","0.00%"
"05/21/2024","1.39","1.44","1.39","1.30","2.15M","-3.47%"
"05/20/2024","1.44","1.44","1.44","1.31","694.56K","0.00%"
"05/17/2024","1.44","1.39","1.44","1.37","4.76M","3.60%"
"05/16/2024","1.39","1.44","1.39","1.39","639.55K","-3.47%"
"05/15/2024","1.44","1.60","1.60","1.44","1.54M","-10.00%"
"05/14/2024","1.60","1.60","1.60","1.59","856.02K","0.00%"
"05/13/2024","1.60","1.62","1.60","1.46","1.71M","-1.23%"
"05/10/2024","1.62","1.60","1.62","1.48","4.92M","1.25%"
"05/09/2024","1.60","1.64","1.64","1.60","5.37M","-2.44%"
"05/08/2024","1.64","1.59","1.64","1.47","2.16M","3.14%"
"05/07/2024","1.59","1.47","1.60","1.47","2.86M","8.16%"
"05/06/2024","1.47","1.35","1.48","1.34","3.90M","8.89%"
"05/03/2024","1.35","1.39","1.35","1.35","635.35K","-2.88%"
"05/02/2024","1.39","1.39","1.40","1.39","1.30M","0.00%"
"04/30/2024","1.39","1.45","1.39","1.39","1.89M","-4.14%"
"04/29/2024","1.45","1.45","1.40","1.31","978.43K","0.00%"
"04/26/2024","1.45","1.45","1.40","1.31","133.97K","0.00%"
"04/25/2024","1.45","1.44","1.45","1.45","1.09M","0.69%"
"04/24/2024","1.44","1.35","1.44","1.22","2.04M","6.67%"
"04/23/2024","1.35","1.49","1.35","1.35","404.43K","-9.40%"
"04/22/2024","1.49","1.37","1.49","1.31","2.01M","8.76%"
"04/19/2024","1.37","1.25","1.37","1.37","396.26K","9.60%"
"04/18/2024","1.25","1.30","1.32","1.17","4.63M","-3.85%"
"04/17/2024","1.30","1.44","1.42","1.30","10.58M","-9.72%"
"04/16/2024","1.44","1.56","1.56","1.41","9.95M","-7.69%"
"04/15/2024","1.56","1.55","1.68","1.56","1.14M","0.65%"
"04/12/2024","1.55","1.70","1.55","1.53","4.30M","-8.82%"
"04/08/2024","1.70","1.70","1.70","1.70","992.05K","0.00%"
"04/05/2024","1.70","1.76","1.70","1.70","395.69K","-3.41%"
"04/04/2024","1.76","1.70","1.76","1.71","1.67M","3.53%"
"04/03/2024","1.70","1.70","1.70","1.69","1.23M","0.00%"
"04/02/2024","1.70","1.60","1.72","1.47","3.75M","6.25%"
"03/28/2024","1.60","1.77","1.93","1.60","3.61M","-9.60%"
"03/27/2024","1.77","1.61","1.77","1.76","1.25M","9.94%"
"03/26/2024","1.61","1.75","1.80","1.61","3.03M","-8.00%"
"03/25/2024","1.75","1.76","1.76","1.75","1.39M","-0.57%"
"03/22/2024","1.76","1.76","1.76","1.75","1.35M","0.00%"
"03/21/2024","1.76","1.78","1.78","1.75","794.30K","-1.12%"
"03/20/2024","1.78","1.75","1.78","1.78","738.11K","1.71%"
"03/19/2024","1.75","1.77","1.76","1.62","5.26M","-1.13%"
"03/18/2024","1.77","1.62","1.78","1.65","1.65M","9.26%"
"03/15/2024","1.62","1.57","1.62","1.62","320.95K","3.18%"
"03/14/2024","1.57","1.57","1.65","1.57","155.00K","0.00%"
"03/13/2024","1.57","1.55","1.57","1.57","765.42K","1.29%"
"03/12/2024","1.55","1.50","1.65","1.40","2.05M","3.33%"
"03/11/2024","1.50","1.38","1.51","1.44","2.71M","8.70%"
"03/08/2024","1.38","1.53","1.61","1.38","3.81M","-9.80%"
"03/07/2024","1.53","1.70","1.55","1.53","4.23M","-10.00%"
"03/06/2024","1.70","1.77","1.70","1.70","649.48K","-3.95%"
"03/05/2024","1.77","1.80","1.77","1.70","2.06M","-1.67%"
"03/04/2024","1.80","1.65","1.80","1.80","1.12M","9.09%"
"03/01/2024","1.65","1.50","1.65","1.60","1.80M","10.00%"
"02/29/2024","1.50","1.45","1.50","1.50","2.30M","3.45%"
"02/28/2024","1.45","1.54","1.69","1.45","7.45M","-5.84%"
"02/27/2024","1.54","1.60","1.56","1.54","1.40M","-3.75%"
"02/26/2024","1.60","1.60","1.74","1.52","270.58K","0.00%"
"02/23/2024","1.60","1.60","1.75","1.60","2.31M","0.00%"
"02/22/2024","1.60","1.60","1.74","1.60","183.76K","0.00%"
"02/21/2024","1.60","1.70","1.70","1.60","1.18M","-5.88%"
"02/20/2024","1.70","1.75","1.75","1.70","4.25M","-2.86%"
"02/19/2024","1.75","1.83","1.75","1.75","1.79M","-4.37%"
"02/16/2024","1.83","1.89","1.89","1.80","1.31M","-3.17%"
"02/15/2024","1.89","1.89","1.89","1.89","1.51M","0.00%"
"02/14/2024","1.89","1.89","1.89","1.76","2.33M","0.00%"
"02/13/2024","1.89","1.79","1.94","1.80","1.97M","5.59%"
"02/12/2024","1.79","1.80","1.84","1.75","1.98M","-0.56%"
"02/09/2024","1.80","1.84","1.85","1.80","1.42M","-2.17%"
"02/08/2024","1.84","1.97","1.85","1.78","2.68M","-6.60%"
"02/07/2024","1.97","1.90","1.97","1.97","364.64K","3.68%"
"02/06/2024","1.90","1.90","2.04","1.90","4.45M","0.00%"
"02/05/2024","1.90","1.95","1.99","1.90","3.47M","-2.56%"
"02/02/2024","1.95","1.97","2.16","1.95","4.48M","-1.02%"
"02/01/2024","1.97","1.85","2.03","1.67","5.06M","6.49%"
"01/31/2024","1.85","2.02","2.02","1.83","5.36M","-8.42%"
"01/30/2024","2.02","2.05","2.18","2.02","1.63M","-1.46%"
"01/29/2024","2.05","2.20","2.20","2.05","3.10M","-6.82%"
"01/26/2024","2.20","2.14","2.20","2.01","3.21M","2.80%"
"01/25/2024","2.14","2.00","2.16","2.00","4.26M","7.00%"
"01/24/2024","2.00","1.99","2.00","2.00","3.01M","0.50%"
"01/23/2024","1.99","2.01","2.10","1.99","2.28M","-1.00%"
"01/22/2024","2.01","2.15","2.20","2.00","9.66M","-6.51%"
"01/19/2024","2.15","2.17","2.28","2.14","2.31M","-0.92%"
"01/18/2024","2.17","2.42","2.42","2.05","10.96M","-1.81%"
"01/17/2024","2.21","2.20","2.42","2.21","30.37M","0.45%"
"01/16/2024","2.20","2.00","2.20","2.05","9.69M","10.00%"
"01/15/2024","2.00","2.00","2.10","2.00","5.29M","0.00%"
"01/12/2024","2.00","2.10","2.15","2.00","4.34M","-4.76%"
"01/11/2024","2.10","1.98","2.17","1.98","5.31M","6.06%"
"01/10/2024","1.98","2.25","2.40","1.98","13.72M","-10.00%"
"01/09/2024","2.20","2.00","2.20","2.14","12.49M","10.00%"
"01/08/2024","2.00","2.07","2.07","1.95","18.97M","5.82%"
"01/05/2024","1.89","1.72","1.89","1.85","4.23M","9.88%"
"01/04/2024","1.72","1.57","1.72","1.57","3.75M","9.55%"
"01/03/2024","1.57","1.55","1.57","1.55","4.36M","1.29%"
"01/02/2024","1.55","1.48","1.55","1.48","3.65M","4.73%"
"12/29/2023","1.48","1.55","1.51","1.40","4.18M","-4.52%"
"12/28/2023","1.55","1.50","1.55","1.55","1.10M","3.33%"
"12/27/2023","1.50","1.55","1.55","1.50","2.86M","-3.23%"
"12/22/2023","1.55","1.56","1.55","1.55","1.34M","-0.64%"
"12/21/2023","1.56","1.52","1.56","1.52","1.38M","2.63%"
"12/20/2023","1.52","1.57","1.56","1.52","2.43M","-3.18%"
"12/19/2023","1.57","1.57","1.57","1.50","3.97M","0.00%"
"12/18/2023","1.57","1.46","1.57","1.50","2.21M","7.53%"
"12/15/2023","1.46","1.51","1.56","1.45","11.27M","-3.31%"
"12/14/2023","1.51","1.55","1.55","1.51","1.61M","-2.58%"
"12/13/2023","1.55","1.59","1.55","1.55","877.71K","-2.52%"
"12/12/2023","1.59","1.50","1.59","1.50","7.13M","6.00%"
"12/11/2023","1.50","1.57","1.59","1.50","2.97M","-4.46%"
"12/08/2023","1.57","1.55","1.57","1.57","804.46K","1.29%"
"12/07/2023","1.55","1.50","1.55","1.50","2.40M","3.33%"
"12/06/2023","1.50","1.50","1.59","1.50","2.49M","0.00%"
"12/05/2023","1.50","1.65","1.66","1.50","11.36M","-9.09%"
"12/04/2023","1.65","1.64","1.68","1.64","3.39M","0.61%"
"12/01/2023","1.64","1.72","1.70","1.55","9.47M","-4.65%"
"11/30/2023","1.72","1.82","1.80","1.72","911.60K","-5.49%"
"11/29/2023","1.82","1.86","1.86","1.82","848.86K","-2.15%"
"11/28/2023","1.86","1.86","1.86","1.86","437.62K","0.00%"
"11/27/2023","1.86","1.82","1.86","1.80","2.93M","2.20%"
"11/24/2023","1.82","1.83","1.82","1.82","798.89K","-0.55%"
"11/23/2023","1.83","1.72","1.83","1.72","860.56K","6.40%"
"11/22/2023","1.72","1.71","1.83","1.72","1.60M","0.58%"
"11/21/2023","1.71","1.71","1.84","1.71","500.98K","0.00%"
"11/20/2023","1.71","1.71","1.78","1.71","417.12K","0.00%"
"11/17/2023","1.71","1.71","1.71","1.71","3.44M","0.00%"
"11/16/2023","1.71","1.82","1.71","1.68","3.13M","-6.04%"
"11/15/2023","1.82","1.66","1.82","1.70","946.51K","9.64%"
"11/14/2023","1.66","1.83","1.66","1.66","517.84K","-9.29%"
"11/13/2023","1.83","1.83","1.83","1.68","305.98K","0.00%"
"11/10/2023","1.83","1.83","1.83","1.70","37.17K","0.00%"
"11/09/2023","1.83","1.83","1.82","1.70","24.48K","0.00%"
"11/08/2023","1.83","1.85","1.83","1.83","795.38K","-1.08%"
"11/07/2023","1.85","1.84","1.85","1.85","331.87K","0.54%"
"11/06/2023","1.84","1.84","1.84","1.78","782.71K","0.00%"
"11/03/2023","1.84","1.78","1.85","1.84","867.36K","3.37%"
"11/02/2023","1.78","1.72","1.80","1.76","1.75M","3.49%"
"11/01/2023","1.72","1.72","1.72","1.72","742.09K","0.00%"
"10/31/2023","1.72","1.57","1.72","1.67","1.24M","9.55%"
"10/30/2023","1.57","1.56","1.70","1.56","3.38M","0.64%"
"10/27/2023","1.56","1.56","1.66","1.57","114.40K","0.00%"
"10/26/2023","1.56","1.70","1.65","1.56","1.90M","-8.24%"
"10/25/2023","1.70","1.56","1.71","1.58","4.41M","8.97%"
"10/24/2023","1.56","1.62","1.68","1.56","2.06M","-3.70%"
"10/23/2023","1.62","1.68","1.62","1.62","708.19K","-3.57%"
"10/20/2023","1.68","1.68","1.68","1.68","890.13K","0.00%"
"10/19/2023","1.68","1.64","1.68","1.68","1.61M","2.44%"
"10/18/2023","1.64","1.75","1.70","1.64","2.45M","-6.29%"
"10/17/2023","1.75","1.64","1.78","1.65","2.70M","6.71%"
"10/16/2023","1.64","1.64","1.70","1.64","863.78K","0.00%"
"10/13/2023","1.64","1.72","1.70","1.64","1.20M","-4.65%"
"10/12/2023","1.72","1.72","1.72","1.72","227.61K","0.00%"
"10/11/2023","1.72","1.65","1.72","1.72","912.34K","4.24%"
"10/10/2023","1.65","1.65","1.65","1.65","433.93K","0.00%"
"10/09/2023","1.65","1.80","1.70","1.65","3.23M","-8.33%"
"10/06/2023","1.80","1.80","1.81","1.70","2.67M","0.00%"
"10/05/2023","1.80","1.80","1.80","1.75","1.07M","0.00%"
"10/04/2023","1.80","1.66","1.80","1.67","4.52M","8.43%"
"10/03/2023","1.66","1.51","1.66","1.66","1.24M","9.93%"
"09/29/2023","1.51","1.55","1.55","1.45","1.97M","-2.58%"
"09/28/2023","1.55","1.72","1.78","1.55","7.32M","-9.88%"
"09/26/2023","1.72","1.91","1.88","1.72","15.80M","-9.95%"
"09/25/2023","1.91","1.88","1.91","1.91","985.53K","1.60%"
"09/22/2023","1.88","1.90","1.88","1.88","380.66K","-1.05%"
"09/21/2023","1.90","1.96","1.91","1.88","3.06M","-3.06%"
"09/20/2023","1.96","2.00","1.99","1.86","4.05M","-2.00%"
"09/19/2023","2.00","2.04","2.00","2.00","596.41K","-1.96%"
"09/18/2023","2.04","2.00","2.04","2.04","1.03M","2.00%"
"09/15/2023","2.00","2.11","2.08","2.00","2.75M","-5.21%"
"09/14/2023","2.11","1.98","2.11","2.08","2.85M","6.57%"
"09/13/2023","1.98","1.98","2.10","1.98","4.95M","0.00%"
"09/12/2023","1.98","1.97","2.14","1.97","3.27M","0.51%"
"09/11/2023","1.97","2.00","1.99","1.97","1.89M","-1.50%"
"09/08/2023","2.00","2.00","2.01","2.00","3.11M","0.00%"
"09/07/2023","2.00","2.00","2.00","2.00","495.54K","0.00%"
"09/06/2023","2.00","2.01","2.00","2.00","5.57M","-0.50%"
"09/05/2023","2.01","2.09","2.19","2.01","8.14M","-3.83%"
"09/04/2023","2.09","2.20","2.20","2.09","7.65M","-5.00%"
"09/01/2023","2.20","2.15","2.22","2.20","1.52M","2.33%"
"08/31/2023","2.15","2.04","2.22","2.02","47.18M","5.39%"
"08/30/2023","2.04","2.22","2.22","2.00","6.46M","-8.11%"
"08/29/2023","2.22","2.17","2.22","2.18","4.09M","2.30%"
"08/28/2023","2.17","1.99","2.18","2.08","13.73M","9.05%"
"08/25/2023","1.99","1.81","1.99","1.82","3.64M","9.94%"
"08/24/2023","1.81","2.01","2.01","1.81","15.86M","-9.95%"
"08/23/2023","2.01","2.10","2.15","2.01","2.60M","-4.29%"
"08/22/2023","2.10","2.07","2.11","2.08","1.87M","1.45%"
"08/21/2023","2.07","2.06","2.10","2.07","1.23M","0.49%"
"08/18/2023","2.06","2.24","2.36","2.02","18.78M","-8.04%"
"08/17/2023","2.24","2.15","2.24","2.16","1.82M","4.19%"
"08/16/2023","2.15","2.01","2.15","2.10","2.15M","6.97%"
"08/15/2023","2.01","2.06","2.26","2.00","8.63M","-2.43%"
"08/14/2023","2.06","2.25","2.18","2.05","6.62M","-8.44%"
"08/11/2023","2.25","2.27","2.27","2.20","1.67M","-0.88%"
"08/10/2023","2.27","2.30","2.48","2.27","2.06M","-1.30%"
"08/09/2023","2.30","2.30","2.49","2.27","3.00M","0.00%"
"08/08/2023","2.30","2.27","2.46","2.30","2.61M","1.32%"
"08/07/2023","2.27","2.40","2.27","2.27","596.28K","-5.42%"
"08/04/2023","2.40","2.40","2.45","2.40","1.11M","0.00%"
"08/03/2023","2.40","2.38","2.60","2.35","3.11M","0.84%"
"08/02/2023","2.38","2.28","2.38","2.28","3.31M","4.39%"
"08/01/2023","2.28","2.24","2.28","2.13","4.16M","1.79%"
"07/31/2023","2.24","2.47","2.49","2.24","3.92M","-9.31%"
"07/28/2023","2.47","2.41","2.47","2.18","8.18M","2.49%"
"07/27/2023","2.41","2.92","2.92","2.41","26.88M","-9.40%"
"07/26/2023","2.66","2.42","2.66","2.66","2.46M","9.92%"
"07/25/2023","2.42","2.42","2.42","2.42","3.42M","10.00%"
"07/24/2023","2.20","2.00","2.20","2.19","15.03M","10.00%"
"07/21/2023","2.00","1.69","2.05","1.69","23.91M","6.95%"
"07/20/2023","1.87","1.87","1.87","1.87","3.92M","-9.66%"
"07/19/2023","2.07","2.07","2.07","2.07","3.83M","-9.61%"
"07/18/2023","2.29","2.54","2.29","2.29","2.91M","-9.84%"
"07/17/2023","2.54","2.82","2.54","2.54","1.96M","-9.93%"
"07/14/2023","2.82","3.00","3.00","2.82","5.82M","-9.90%"
"07/13/2023","3.13","3.47","3.34","3.13","14.48M","-9.80%"
"07/12/2023","3.47","4.00","4.10","3.47","17.87M","-9.87%"
"07/11/2023","3.85","3.50","3.85","3.15","9.60M","10.00%"
"07/10/2023","3.50","3.19","3.50","3.45","14.78M","9.72%"
"07/07/2023","3.19","2.90","3.19","2.98","10.13M","10.00%"
"07/06/2023","2.90","2.84","2.90","2.84","3.81M","2.11%"
"07/05/2023","2.84","2.75","2.85","2.48","34.65M","3.27%"
"07/04/2023","2.75","2.62","2.88","2.62","27.56M","4.96%"
"07/03/2023","2.62","2.39","2.62","2.62","16.76M","9.62%"
"06/30/2023","2.39","2.18","2.39","2.39","4.07M","9.63%"
"06/27/2023","2.18","1.99","2.18","2.00","19.66M","9.55%"
"06/26/2023","1.99","1.90","2.00","1.84","13.25M","4.74%"
"06/23/2023","1.90","1.82","1.90","1.80","9.77M","1.06%"
"06/22/2023","1.88","1.94","1.95","1.64","19.99M","5.62%"
"06/21/2023","1.78","1.78","1.78","1.75","20.60M","9.88%"
"06/20/2023","1.62","1.62","1.62","1.62","4.33M","9.46%"
"06/19/2023","1.48","1.35","1.48","1.36","10.41M","9.63%"
"06/16/2023","1.35","1.35","1.35","1.35","13.18M","9.76%"
"06/15/2023","1.23","1.23","1.23","1.16","9.95M","9.82%"
"06/14/2023","1.12","1.12","1.12","1.12","3.48M","9.80%"
"06/13/2023","1.02","0.95","1.02","0.93","5.15M","9.68%"
"06/09/2023","0.93","0.90","0.93","0.80","9.97M","9.41%"
"06/08/2023","0.85","0.78","0.85","0.80","14.21M","8.97%"
"06/07/2023","0.78","0.71","0.78","0.72","9.94M","9.86%"
"06/06/2023","0.71","0.65","0.71","0.66","8.21M","9.23%"
"06/05/2023","0.65","0.62","0.72","0.62","10.28M","-1.52%"
"06/02/2023","0.66","0.66","0.66","0.66","17.39M","-9.59%"
"06/01/2023","0.73","0.89","0.89","0.73","37.32M","-9.88%"
"05/31/2023","0.81","0.81","0.81","0.81","2.58M","9.46%"
"05/30/2023","0.74","0.68","0.74","0.74","5.04M","8.82%"
"05/26/2023","0.68","0.62","0.68","0.68","2.31M","9.68%"
"05/25/2023","0.62","0.57","0.62","0.62","1.52M","8.77%"
"05/24/2023","0.57","0.52","0.57","0.57","653.58K","9.62%"
"05/23/2023","0.52","0.48","0.52","0.52","6.09M","8.33%"
"05/22/2023","0.48","0.48","0.48","0.48","5.61M","9.09%"
"05/19/2023","0.44","0.40","0.44","0.44","2.03M","10.00%"
"05/18/2023","0.40","0.37","0.40","0.40","3.78M","8.11%"
"05/17/2023","0.37","0.37","0.37","0.37","9.38M","8.82%"
"05/16/2023","0.34","0.31","0.34","0.32","3.07M","9.68%"
"05/15/2023","0.31","0.32","0.31","0.31","938.75K","-3.12%"
"05/12/2023","0.32","0.34","0.32","0.32","1.12M","-5.88%"
"05/11/2023","0.34","0.31","0.34","0.34","832.88K","9.68%"
"05/10/2023","0.31","0.29","0.31","0.29","3.31M","6.90%"
"05/09/2023","0.29","0.27","0.29","0.29","1.49M","7.41%"
"05/08/2023","0.27","0.29","0.28","0.27","1.48M","-6.90%"
"05/05/2023","0.29","0.29","0.30","0.30","95.17K","0.00%"
"05/04/2023","0.29","0.29","0.29","0.27","1.75M","0.00%"
"05/03/2023","0.29","0.30","0.30","0.27","1.39M","-3.33%"
"05/02/2023","0.30","0.30","0.33","0.30","122.50K","0.00%"
"04/28/2023","0.30","0.30","0.30","0.30","318.17K","0.00%"
"04/27/2023","0.30","0.31","0.34","0.30","1.77M","-3.23%"
"04/26/2023","0.31","0.29","0.31","0.27","1.82M","6.90%"
"04/25/2023","0.29","0.27","0.29","0.29","844.77K","7.41%"
"04/20/2023","0.27","0.25","0.27","0.27","573.60K","8.00%"
"04/19/2023","0.25","0.26","0.25","0.25","236.47K","-3.85%"
"04/18/2023","0.26","0.27","0.26","0.26","542.01K","-3.70%"
"04/17/2023","0.27","0.27","0.27","0.27","288.68K","0.00%"
"04/14/2023","0.27","0.25","0.27","0.27","675.96K","8.00%"
"04/13/2023","0.25","0.25","0.27","0.23","106.00K","0.00%"
"04/12/2023","0.25","0.25","0.26","0.25","1.82M","0.00%"
"04/11/2023","0.25","0.27","0.26","0.25","2.17M","-7.41%"
"04/06/2023","0.27","0.28","0.27","0.27","247.50K","-3.57%"
"04/05/2023","0.28","0.28","0.28","0.28","8.54K","0.00%"
"04/04/2023","0.28","0.28","0.28","0.26","176.88K","0.00%"
"04/03/2023","0.28","0.26","0.28","0.26","1.59M","7.69%"
"03/31/2023","0.26","0.26","0.28","0.28","72.92K","0.00%"
"03/30/2023","0.26","0.26","0.28","0.27","96.58K","0.00%"
"03/29/2023","0.26","0.28","0.26","0.26","525.91K","-7.14%"
"03/28/2023","0.28","0.26","0.28","0.28","3.63M","7.69%"
"03/27/2023","0.26","0.27","0.27","0.26","450.33K","-3.70%"
"03/24/2023","0.27","0.27","0.28","0.27","61.35K","0.00%"
"03/23/2023","0.27","0.27","0.28","0.28","43.97K","0.00%"
"03/22/2023","0.27","0.29","0.27","0.27","362.18K","-6.90%"
"03/21/2023","0.29","0.29","0.29","0.27","52.08K","0.00%"
"03/20/2023","0.29","0.28","0.29","0.28","1.05M","3.57%"
"03/17/2023","0.28","0.28","0.29","0.26","48.28K","0.00%"
"03/15/2023","0.28","0.28","0.29","0.28","89.17K","0.00%"
"03/14/2023","0.28","0.26","0.28","0.26","750.00K","7.69%"
"03/13/2023","0.26","0.26","0.28","0.27","202.67K","0.00%"
"03/10/2023","0.26","0.26","0.28","0.28","213.00K","0.00%"
"03/09/2023","0.26","0.28","0.28","0.26","338.20K","-7.14%"
"03/08/2023","0.28","0.26","0.28","0.28","2.56M","7.69%"
"03/07/2023","0.26","0.28","0.28","0.26","5.45M","-7.14%"
"03/06/2023","0.28","0.30","0.28","0.28","467.00K","-6.67%"
"03/03/2023","0.30","0.30","0.29","0.28","49.89K","0.00%"
"03/02/2023","0.30","0.28","0.30","0.30","182.71K","7.14%"
"03/01/2023","0.28","0.29","0.29","0.28","412.46K","-3.45%"
"02/28/2023","0.29","0.27","0.29","0.29","205.00K","7.41%"
"02/27/2023","0.27","0.29","0.28","0.27","2.90M","-6.90%"
"02/23/2023","0.29","0.29","0.30","0.30","13.18K","0.00%"
"02/22/2023","0.29","0.29","0.31","0.31","16.70K","0.00%"
"02/21/2023","0.29","0.29","0.31","0.30","7.74K","0.00%"
"02/20/2023","0.29","0.29","0.31","0.31","33.44K","0.00%"
"02/17/2023","0.29","0.29","0.31","0.29","14.00K","0.00%"
"02/16/2023","0.29","0.29","0.31","0.28","261.27K","0.00%"
"02/15/2023","0.29","0.28","0.29","0.29","240.90K","3.57%"
"02/14/2023","0.28","0.28","0.30","0.29","54.50K","0.00%"
"02/13/2023","0.28","0.28","0.30","0.29","37.14K","0.00%"
"02/10/2023","0.28","0.30","0.33","0.28","454.21K","-6.67%"
"02/09/2023","0.30","0.30","0.32","0.28","10.37K","0.00%"
"02/08/2023","0.30","0.30","0.32","0.28","60.79K","0.00%"
"02/07/2023","0.30","0.31","0.33","0.30","1.43M","-3.23%"
"02/06/2023","0.31","0.33","0.33","0.31","628.43K","-6.06%"
"02/03/2023","0.33","0.30","0.33","0.30","4.67M","10.00%"
"02/02/2023","0.30","0.29","0.30","0.30","306.86K","3.45%"
"02/01/2023","0.29","0.29","0.30","0.28","2.46M","0.00%"
"01/31/2023","0.29","0.29","0.29","0.29","850.83K","0.00%"
"01/30/2023","0.29","0.30","0.29","0.27","1.52M","-3.33%"
"01/27/2023","0.30","0.30","0.30","0.30","519.00K","0.00%"
"01/26/2023","0.30","0.30","0.30","0.30","536.87K","0.00%"
"01/25/2023","0.30","0.29","0.30","0.30","864.70K","3.45%"
"01/24/2023","0.29","0.29","0.30","0.27","1.27M","0.00%"
"01/23/2023","0.29","0.29","0.29","0.29","380.41K","0.00%"
"01/20/2023","0.29","0.28","0.29","0.28","906.95K","3.57%"
"01/19/2023","0.28","0.28","0.28","0.28","248.57K","0.00%"
"01/18/2023","0.28","0.30","0.29","0.28","1.12M","-6.67%"
"01/17/2023","0.30","0.30","0.30","0.30","729.77K","0.00%"
"01/16/2023","0.30","0.28","0.30","0.28","5.50M","7.14%"
"01/13/2023","0.28","0.27","0.29","0.28","2.17M","3.70%"
"01/12/2023","0.27","0.28","0.28","0.27","7.06M","-3.57%"
"01/11/2023","0.28","0.26","0.28","0.27","4.19M","7.69%"
"01/10/2023","0.26","0.27","0.26","0.26","9.21M","-3.70%"
"01/09/2023","0.27","0.28","0.27","0.27","5.22M","-3.57%"
"01/06/2023","0.28","0.30","0.29","0.28","1.95M","-6.67%"
"01/05/2023","0.30","0.30","0.31","0.27","4.96M","0.00%"
"01/04/2023","0.30","0.30","0.30","0.30","901.57K","0.00%"
"01/03/2023","0.30","0.29","0.30","0.29","1.24M","3.45%"
"12/30/2022","0.29","0.29","0.29","0.27","546.00K","0.00%"
"12/29/2022","0.29","0.28","0.29","0.29","100.00K","3.57%"
"12/28/2022","0.28","0.29","0.30","0.28","597.50K","-3.45%"
"12/23/2022","0.29","0.29","0.30","0.27","108.00K","0.00%"
"12/22/2022","0.29","0.29","0.30","0.30","58.00K","0.00%"
"12/21/2022","0.29","0.30","0.29","0.29","1.56M","-3.33%"
"12/20/2022","0.30","0.30","0.30","0.27","7.10M","0.00%"
"12/19/2022","0.30","0.31","0.30","0.30","178.19K","-3.23%"
"12/16/2022","0.31","0.32","0.31","0.31","239.57K","-3.12%"
"12/15/2022","0.32","0.32","0.32","0.30","69.40K","0.00%"
"12/14/2022","0.32","0.32","0.33","0.30","622.75K","0.00%"
"12/13/2022","0.32","0.31","0.32","0.32","162.96K","3.23%"
"12/12/2022","0.31","0.31","0.32","0.30","120.48K","0.00%"
"12/09/2022","0.31","0.30","0.31","0.29","677.70K","3.33%"
"12/08/2022","0.30","0.30","0.30","0.30","56.22K","0.00%"
"12/07/2022","0.30","0.29","0.30","0.30","562.00K","3.45%"
"12/06/2022","0.29","0.30","0.29","0.29","179.84K","-3.33%"
"12/05/2022","0.30","0.30","0.30","0.28","175.08K","0.00%"
"12/02/2022","0.30","0.30","0.30","0.28","187.57K","0.00%"
"12/01/2022","0.30","0.30","0.33","0.28","50.50K","0.00%"
"11/30/2022","0.30","0.30","0.30","0.30","588.33K","0.00%"
"11/29/2022","0.30","0.30","0.30","0.30","253.04K","0.00%"
"11/28/2022","0.30","0.29","0.30","0.30","468.65K","3.45%"
"11/25/2022","0.29","0.29","0.29","0.27","2.98M","0.00%"
"11/24/2022","0.29","0.30","0.31","0.29","774.50K","-3.33%"
"11/23/2022","0.30","0.30","0.33","0.30","54.00K","0.00%"
"11/22/2022","0.30","0.30","0.33","0.33","103.70K","0.00%"
"11/21/2022","0.30","0.30","0.33","0.29","115.86K","0.00%"
"11/18/2022","0.30","0.31","0.31","0.30","805.69K","-3.23%"
"11/17/2022","0.31","0.31","0.34","0.32","41.03K","0.00%"
"11/16/2022","0.31","0.31","0.34","0.30","56.97K","0.00%"
"11/15/2022","0.31","0.34","0.31","0.31","489.06K","-8.82%"
"11/14/2022","0.34","0.31","0.34","0.32","1.91M","9.68%"
"11/11/2022","0.31","0.31","0.33","0.31","165.61K","0.00%"
"11/10/2022","0.31","0.30","0.31","0.31","974.84K","3.33%"
"11/09/2022","0.30","0.30","0.30","0.30","570.10K","0.00%"
"11/08/2022","0.30","0.31","0.30","0.30","289.13K","-3.23%"
"11/07/2022","0.31","0.34","0.31","0.31","386.66K","-8.82%"
"11/04/2022","0.34","0.31","0.34","0.31","1.06M","9.68%"
"11/03/2022","0.31","0.31","0.31","0.31","202.41K","0.00%"
"11/02/2022","0.31","0.31","0.31","0.31","119.46K","0.00%"
"11/01/2022","0.31","0.30","0.31","0.31","617.00K","3.33%"
"10/31/2022","0.30","0.30","0.33","0.30","31.44K","0.00%"
"10/28/2022","0.30","0.29","0.30","0.30","384.80K","3.45%"
"10/27/2022","0.29","0.29","0.31","0.27","28.12K","0.00%"
"10/26/2022","0.29","0.27","0.29","0.27","1.37M","7.41%"
"10/25/2022","0.27","0.27","0.29","0.27","21.89K","0.00%"
"10/24/2022","0.27","0.27","0.27","0.27","531.75K","0.00%"
"10/21/2022","0.27","0.28","0.27","0.27","241.38K","-3.57%"
"10/20/2022","0.28","0.27","0.28","0.28","160.90K","3.70%"
"10/19/2022","0.27","0.27","0.28","0.27","515.00K","0.00%"
"10/18/2022","0.27","0.27","0.27","0.27","503.50K","0.00%"
"10/17/2022","0.27","0.27","0.29","0.29","16.75K","0.00%"
"10/14/2022","0.27","0.28","0.30","0.27","430.12K","-3.57%"
"10/13/2022","0.28","0.28","0.30","0.27","22.35K","0.00%"
"10/12/2022","0.28","0.28","0.30","0.27","64.61K","0.00%"
"10/11/2022","0.28","0.30","0.28","0.28","282.70K","-6.67%"
"10/07/2022","0.30","0.28","0.30","0.30","1.02M","7.14%"
"10/06/2022","0.28","0.27","0.28","0.28","529.45K","3.70%"
"10/05/2022","0.27","0.28","0.30","0.27","534.24K","-3.57%"
"10/04/2022","0.28","0.29","0.28","0.27","233.44K","-3.45%"
"09/30/2022","0.29","0.29","0.30","0.30","50.00K","0.00%"
"09/29/2022","0.29","0.29","0.30","0.29","10.60K","0.00%"
"09/28/2022","0.29","0.29","0.30","0.30","50.00K","0.00%"
"09/27/2022","0.29","0.28","0.29","0.28","374.50K","3.57%"
"09/26/2022","0.28","0.28","0.28","0.28","145.00K","0.00%"
"09/23/2022","0.28","0.29","0.29","0.28","1.38M","-3.45%"
"09/22/2022","0.29","0.29","0.29","0.29","207.00K","0.00%"
"09/21/2022","0.29","0.30","0.29","0.29","203.59K","-3.33%"
"09/20/2022","0.30","0.29","0.30","0.29","702.22K","3.45%"
"09/19/2022","0.29","0.29","0.31","0.28","1.88M","0.00%"
"09/16/2022","0.29","0.29","0.29","0.28","191.32K","0.00%"
"09/15/2022","0.29","0.29","0.29","0.29","839.09K","0.00%"
"09/14/2022","0.29","0.32","0.29","0.29","201.70K","-9.38%"
"09/13/2022","0.32","0.32","0.32","0.32","106.86K","0.00%"
"09/12/2022","0.32","0.30","0.32","0.31","1.32M","6.67%"
"09/09/2022","0.30","0.30","0.30","0.30","166.46K","0.00%"
"09/08/2022","0.30","0.28","0.30","0.30","1.39M","7.14%"
"09/07/2022","0.28","0.30","0.28","0.28","303.74K","-6.67%"
"09/06/2022","0.30","0.29","0.30","0.28","1.61M","3.45%"
"09/05/2022","0.29","0.30","0.29","0.29","315.20K","-3.33%"
"09/02/2022","0.30","0.29","0.30","0.30","167.32K","3.45%"
"09/01/2022","0.29","0.30","0.29","0.29","655.05K","-3.33%"
"08/31/2022","0.30","0.30","0.30","0.29","69.68K","0.00%"
"08/30/2022","0.30","0.29","0.30","0.30","270.88K","3.45%"
"08/29/2022","0.29","0.29","0.31","0.28","53.26K","0.00%"
"08/26/2022","0.29","0.29","0.29","0.29","555.17K","0.00%"
"08/25/2022","0.29","0.30","0.30","0.29","2.06M","-3.33%"
"08/24/2022","0.30","0.33","0.30","0.30","1.24M","-9.09%"
"08/23/2022","0.33","0.30","0.33","0.33","259.54K","10.00%"
"08/22/2022","0.30","0.33","0.30","0.30","1.11M","-9.09%"
"08/19/2022","0.33","0.33","0.33","0.33","75.05K","0.00%"
"08/18/2022","0.33","0.30","0.33","0.32","495.41K","10.00%"
"08/17/2022","0.30","0.30","0.32","0.31","100.00K","0.00%"
"08/16/2022","0.30","0.31","0.30","0.30","534.59K","-3.23%"
"08/15/2022","0.31","0.32","0.32","0.31","559.00K","-3.12%"
"08/12/2022","0.32","0.32","0.32","0.30","134.26K","0.00%"
"08/11/2022","0.32","0.32","0.32","0.30","158.28K","0.00%"
"08/10/2022","0.32","0.32","0.30","0.30","8.79K","0.00%"
"08/09/2022","0.32","0.31","0.32","0.30","381.90K","3.23%"
"08/08/2022","0.31","0.31","0.33","0.28","139.29K","0.00%"
"08/05/2022","0.31","0.30","0.31","0.30","955.59K","3.33%"
"08/04/2022","0.30","0.32","0.30","0.30","500.13K","-6.25%"
"08/03/2022","0.32","0.31","0.32","0.32","116.23K","3.23%"
"08/02/2022","0.31","0.31","0.31","0.31","226.71K","0.00%"
"08/01/2022","0.31","0.30","0.33","0.31","470.45K","3.33%"
"07/29/2022","0.30","0.30","0.33","0.29","71.43K","0.00%"
"07/28/2022","0.30","0.30","0.30","0.30","275.66K","0.00%"
"07/27/2022","0.30","0.30","0.30","0.30","1.52M","0.00%"
"07/26/2022","0.30","0.33","0.30","0.30","2.78M","-9.09%"
"07/25/2022","0.33","0.30","0.33","0.33","237.10K","10.00%"
"07/22/2022","0.30","0.32","0.32","0.30","903.85K","-6.25%"
"07/21/2022","0.32","0.32","0.34","0.32","104.27K","0.00%"
"07/20/2022","0.32","0.35","0.32","0.32","214.80K","-8.57%"
"07/19/2022","0.35","0.33","0.35","0.35","451.72K","6.06%"
"07/18/2022","0.33","0.35","0.33","0.33","912.14K","-5.71%"
"07/15/2022","0.35","0.35","0.35","0.33","17.93K","0.00%"
"07/14/2022","0.35","0.35","0.35","0.33","293.55K","0.00%"
"07/13/2022","0.35","0.35","0.35","0.35","175.38K","0.00%"
"07/08/2022","0.35","0.35","0.35","0.33","39.30K","0.00%"
"07/07/2022","0.35","0.32","0.35","0.35","361.34K","9.38%"
"07/06/2022","0.32","0.32","0.35","0.32","84.90K","0.00%"
"07/05/2022","0.32","0.32","0.33","0.32","282.73K","0.00%"
"07/04/2022","0.32","0.33","0.32","0.32","160.00K","-3.03%"
"07/01/2022","0.33","0.33","0.35","0.33","89.36K","0.00%"
"06/30/2022","0.33","0.33","0.35","0.35","57.60K","0.00%"
"06/29/2022","0.33","0.35","0.33","0.33","540.00K","-5.71%"
"06/28/2022","0.35","0.35","0.35","0.33","37.00K","0.00%"
"06/27/2022","0.35","0.35","0.35","0.35","261.21K","0.00%"
"06/24/2022","0.35","0.35","0.36","0.33","77.97K","0.00%"
"06/23/2022","0.35","0.32","0.35","0.35","533.55K","9.38%"
"06/22/2022","0.32","0.32","0.34","0.33","26.87K","0.00%"
"06/21/2022","0.32","0.32","0.34","0.32","51.69K","0.00%"
"06/20/2022","0.32","0.35","0.32","0.32","374.37K","-8.57%"
"06/17/2022","0.35","0.35","0.35","0.32","13.90K","0.00%"
"06/16/2022","0.35","0.35","0.36","0.33","20.03K","0.00%"
"06/15/2022","0.35","0.36","0.35","0.35","122.57K","-2.78%"
"06/14/2022","0.36","0.36","0.36","0.36","285.02K","0.00%"
"06/10/2022","0.36","0.33","0.36","0.36","289.88K","9.09%"
"06/09/2022","0.33","0.36","0.33","0.33","264.10K","-8.33%"
"06/08/2022","0.36","0.34","0.36","0.35","545.48K","5.88%"
"06/07/2022","0.34","0.36","0.34","0.34","131.09K","-5.56%"
"06/06/2022","0.36","0.34","0.36","0.36","674.40K","5.88%"
"06/03/2022","0.34","0.34","0.36","0.35","11.21K","0.00%"
"06/02/2022","0.34","0.35","0.34","0.34","376.19K","-2.86%"
"06/01/2022","0.35","0.32","0.35","0.35","881.04K","9.38%"
"05/31/2022","0.32","0.32","0.35","0.32","117.40K","0.00%"
"05/30/2022","0.32","0.35","0.32","0.32","369.79K","-8.57%"
"05/27/2022","0.35","0.35","0.33","0.33","15.91K","0.00%"
"05/26/2022","0.35","0.35","0.35","0.33","160.80K","0.00%"
"05/25/2022","0.35","0.33","0.35","0.32","1.15M","6.06%"
"05/24/2022","0.33","0.32","0.35","0.33","920.78K","3.13%"
"05/23/2022","0.32","0.32","0.35","0.35","66.00K","0.00%"
"05/20/2022","0.32","0.35","0.33","0.32","1.21M","-8.57%"
"05/19/2022","0.35","0.36","0.35","0.35","324.50K","-2.78%"
"05/18/2022","0.36","0.36","0.37","0.35","35.82K","0.00%"
"05/17/2022","0.36","0.36","0.38","0.35","197.07K","0.00%"
"05/16/2022","0.36","0.38","0.36","0.36","389.82K","-5.26%"
"05/13/2022","0.38","0.38","0.38","0.38","264.87K","0.00%"
"05/12/2022","0.38","0.38","0.38","0.38","570.04K","0.00%"
"05/11/2022","0.38","0.37","0.38","0.38","205.25K","2.70%"
"05/10/2022","0.37","0.37","0.37","0.37","1.32M","0.00%"
"05/09/2022","0.37","0.36","0.37","0.35","732.00K","2.78%"
"05/06/2022","0.36","0.36","0.36","0.35","765.77K","0.00%"
"05/05/2022","0.36","0.39","0.39","0.36","639.63K","-7.69%"
"05/04/2022","0.39","0.37","0.39","0.38","1.19M","5.41%"
"04/29/2022","0.37","0.37","0.39","0.37","906.85K","0.00%"
"04/28/2022","0.37","0.39","0.38","0.36","4.46M","-5.13%"
"04/27/2022","0.39","0.39","0.42","0.37","242.25K","0.00%"
"04/26/2022","0.39","0.40","0.44","0.39","1.70M","-2.50%"
"04/25/2022","0.40","0.37","0.40","0.37","3.37M","8.11%"
"04/22/2022","0.37","0.34","0.37","0.33","6.53M","8.82%"
"04/21/2022","0.34","0.31","0.34","0.32","8.54M","9.68%"
"04/20/2022","0.31","0.33","0.31","0.31","992.89K","-6.06%"
"04/19/2022","0.33","0.33","0.33","0.31","74.31K","0.00%"
"04/14/2022","0.33","0.33","0.33","0.32","66.75K","0.00%"
"04/13/2022","0.33","0.31","0.33","0.31","921.74K","6.45%"
"04/12/2022","0.31","0.31","0.31","0.31","266.20K","0.00%"
"04/11/2022","0.31","0.32","0.32","0.31","1.81M","-3.12%"
"04/08/2022","0.32","0.32","0.33","0.33","33.06K","0.00%"
"04/07/2022","0.32","0.32","0.32","0.32","292.60K","0.00%"
"04/06/2022","0.32","0.33","0.33","0.32","994.14K","-3.03%"
"04/05/2022","0.33","0.31","0.33","0.31","523.92K","6.45%"
"04/04/2022","0.31","0.31","0.33","0.30","4.84M","0.00%"
"04/01/2022","0.31","0.32","0.34","0.31","481.77K","-3.12%"
"03/31/2022","0.32","0.32","0.33","0.32","576.25K","0.00%"
"03/30/2022","0.32","0.33","0.33","0.32","272.19K","-3.03%"
"03/29/2022","0.33","0.35","0.33","0.32","1.08M","-5.71%"
"03/28/2022","0.35","0.35","0.35","0.32","777.87K","0.00%"
"03/25/2022","0.35","0.33","0.35","0.32","808.10K","6.06%"
"03/24/2022","0.33","0.32","0.33","0.33","253.60K","3.13%"
"03/23/2022","0.32","0.34","0.34","0.32","1.47M","-5.88%"
"03/22/2022","0.34","0.33","0.34","0.34","621.50K","3.03%"
"03/21/2022","0.33","0.32","0.33","0.32","479.75K","3.13%"
"03/18/2022","0.32","0.33","0.32","0.32","1.22M","-3.03%"
"03/17/2022","0.33","0.33","0.34","0.31","45.79K","0.00%"
"03/16/2022","0.33","0.33","0.35","0.32","4.40M","0.00%"
"03/15/2022","0.33","0.35","0.37","0.33","2.52M","-5.71%"
"03/14/2022","0.35","0.35","0.35","0.35","542.10K","0.00%"
"03/11/2022","0.35","0.35","0.35","0.35","246.11K","0.00%"
"03/10/2022","0.35","0.36","0.36","0.35","1.81M","-2.78%"
"03/09/2022","0.36","0.36","0.37","0.36","446.50K","0.00%"
"03/08/2022","0.36","0.39","0.39","0.36","3.15M","-7.69%"
"03/07/2022","0.39","0.36","0.39","0.35","3.85M","8.33%"
"03/04/2022","0.36","0.38","0.38","0.36","1.19M","0.00%"
"03/03/2022","0.36","0.36","0.38","0.36","58.00K","0.00%"
"03/02/2022","0.36","0.37","0.36","0.36","629.69K","-2.70%"
"03/01/2022","0.37","0.36","0.39","0.37","2.65M","2.78%"
"02/28/2022","0.36","0.36","0.38","0.36","1.95M","0.00%"
"02/25/2022","0.36","0.37","0.36","0.36","832.17K","-2.70%"
"02/24/2022","0.37","0.36","0.37","0.35","567.70K","2.78%"
"02/23/2022","0.36","0.36","0.37","0.36","503.00K","0.00%"
"02/22/2022","0.36","0.35","0.36","0.36","1.15M","2.86%"
"02/21/2022","0.35","0.35","0.37","0.35","949.96K","0.00%"
"02/18/2022","0.35","0.37","0.36","0.35","1.04M","-5.41%"
"02/17/2022","0.37","0.35","0.37","0.34","2.19M","5.71%"
"02/16/2022","0.35","0.36","0.36","0.35","510.05K","-2.78%"
"02/15/2022","0.36","0.36","0.36","0.35","1.25M","0.00%"
"02/14/2022","0.36","0.36","0.38","0.36","1.53M","0.00%"
"02/11/2022","0.36","0.36","0.39","0.36","1.46M","0.00%"
"02/10/2022","0.36","0.36","0.39","0.36","2.61M","0.00%"
"02/09/2022","0.36","0.36","0.38","0.36","595.46K","0.00%"
"02/08/2022","0.36","0.36","0.37","0.35","138.25K","0.00%"
"02/07/2022","0.36","0.38","0.36","0.35","1.72M","-5.26%"
"02/04/2022","0.38","0.37","0.38","0.38","281.28K","2.70%"
"02/03/2022","0.37","0.36","0.37","0.35","547.35K","2.78%"
"02/02/2022","0.36","0.38","0.36","0.35","388.18K","-5.26%"
"02/01/2022","0.38","0.35","0.38","0.37","2.38M","8.57%"
"01/31/2022","0.35","0.37","0.37","0.34","5.17M","-5.41%"
"01/28/2022","0.37","0.37","0.37","0.36","636.77K","0.00%"
"01/27/2022","0.37","0.37","0.37","0.37","1.18M","0.00%"
"01/26/2022","0.37","0.37","0.37","0.36","459.87K","0.00%"
"01/25/2022","0.37","0.36","0.37","0.37","361.02K","2.78%"
"01/24/2022","0.36","0.39","0.38","0.36","1.43M","-7.69%"
"01/21/2022","0.39","0.37","0.39","0.37","326.95K","5.41%"
"01/20/2022","0.37","0.36","0.37","0.37","388.41K","2.78%"
"01/19/2022","0.36","0.39","0.37","0.36","1.02M","-7.69%"
"01/18/2022","0.39","0.36","0.39","0.36","1.42M","8.33%"
"01/17/2022","0.36","0.37","0.37","0.36","668.28K","-2.70%"
"01/14/2022","0.37","0.37","0.37","0.37","301.63K","0.00%"
"01/13/2022","0.37","0.39","0.37","0.37","809.77K","-5.13%"
"01/12/2022","0.39","0.39","0.39","0.39","15.73K","0.00%"
"01/11/2022","0.39","0.39","0.39","0.39","179.91K","0.00%"
"01/10/2022","0.39","0.39","0.40","0.36","144.19K","0.00%"
"01/07/2022","0.39","0.36","0.39","0.39","496.21K","8.33%"
"01/06/2022","0.36","0.39","0.37","0.36","6.45M","-7.69%"
"01/05/2022","0.39","0.39","0.39","0.38","87.63K","0.00%"
"01/04/2022","0.39","0.39","0.40","0.38","403.87K","0.00%"
"12/31/2021","0.39","0.37","0.39","0.39","224.24K","5.41%"
"12/30/2021","0.37","0.40","0.40","0.37","1.33M","-7.50%"
"12/29/2021","0.40","0.40","0.44","0.37","117.87K","0.00%"
"12/24/2021","0.40","0.40","0.40","0.38","456.60K","0.00%"
"12/23/2021","0.40","0.40","0.40","0.40","84.59K","0.00%"
"12/22/2021","0.40","0.40","0.40","0.40","172.77K","0.00%"
"12/21/2021","0.40","0.42","0.40","0.38","953.79K","-4.76%"
"12/20/2021","0.42","0.42","0.42","0.39","46.33K","0.00%"
"12/17/2021","0.42","0.41","0.42","0.42","327.50K","2.44%"
"12/16/2021","0.41","0.41","0.42","0.38","120.42K","0.00%"
"12/15/2021","0.41","0.40","0.41","0.41","273.00K","2.50%"
"12/14/2021","0.40","0.40","0.43","0.40","33.16K","0.00%"
"12/13/2021","0.40","0.37","0.40","0.38","1.30M","8.11%"
"12/10/2021","0.37","0.37","0.37","0.37","604.70K","0.00%"
"12/09/2021","0.37","0.37","0.38","0.35","51.69K","0.00%"
"12/08/2021","0.37","0.37","0.38","0.37","744.02K","0.00%"
"12/07/2021","0.37","0.35","0.38","0.37","428.56K","5.71%"
"12/06/2021","0.35","0.35","0.37","0.35","470.80K","0.00%"
"12/03/2021","0.35","0.38","0.35","0.35","992.45K","-7.89%"
"12/02/2021","0.38","0.40","0.39","0.36","6.74M","-5.00%"
"12/01/2021","0.40","0.39","0.40","0.40","597.67K","2.56%"
"11/30/2021","0.39","0.40","0.41","0.39","2.13M","-2.50%"
"11/29/2021","0.40","0.40","0.43","0.39","32.18K","0.00%"
"11/26/2021","0.40","0.42","0.40","0.39","1.85M","-4.76%"
"11/25/2021","0.42","0.41","0.42","0.38","2.27M","2.44%"
"11/24/2021","0.41","0.42","0.41","0.38","1.42M","-2.38%"
"11/23/2021","0.42","0.40","0.42","0.41","1.60M","5.00%"
"11/22/2021","0.40","0.44","0.40","0.40","3.04M","-9.09%"
"11/19/2021","0.44","0.42","0.44","0.44","514.77K","4.76%"
"11/18/2021","0.42","0.40","0.42","0.42","469.81K","5.00%"
"11/17/2021","0.40","0.41","0.40","0.40","260.46K","-2.44%"
"11/16/2021","0.41","0.41","0.43","0.41","379.86K","0.00%"
"11/15/2021","0.41","0.44","0.45","0.41","3.91M","-6.82%"
"11/12/2021","0.44","0.42","0.45","0.41","1.51M","4.76%"
"11/11/2021","0.42","0.40","0.44","0.42","667.68K","5.00%"
"11/10/2021","0.40","0.44","0.40","0.40","705.69K","-9.09%"
"11/09/2021","0.44","0.40","0.44","0.44","533.26K","10.00%"
"11/08/2021","0.40","0.40","0.44","0.40","112.42K","0.00%"
"11/05/2021","0.40","0.40","0.44","0.40","312.03K","0.00%"
"11/04/2021","0.40","0.40","0.40","0.40","1.32M","0.00%"
"11/03/2021","0.40","0.42","0.42","0.40","2.27M","-4.76%"
"11/02/2021","0.42","0.46","0.46","0.42","1.39M","-8.70%"
"11/01/2021","0.46","0.44","0.48","0.46","833.76K","4.55%"
"10/29/2021","0.44","0.44","0.44","0.44","299.15K","0.00%"
"10/28/2021","0.44","0.44","0.48","0.47","160.50K","0.00%"
"10/27/2021","0.44","0.45","0.45","0.44","1.32M","-2.22%"
"10/26/2021","0.45","0.48","0.47","0.45","1.83M","-6.25%"
"10/25/2021","0.48","0.49","0.48","0.47","415.18K","-2.04%"
"10/22/2021","0.49","0.48","0.49","0.49","485.22K","2.08%"
"10/21/2021","0.48","0.46","0.48","0.48","601.85K","4.35%"
"10/20/2021","0.46","0.47","0.46","0.46","484.89K","-2.13%"
"10/18/2021","0.47","0.48","0.47","0.47","267.58K","-2.08%"
"10/15/2021","0.48","0.46","0.48","0.48","621.40K","4.35%"
"10/14/2021","0.46","0.46","0.46","0.46","555.81K","0.00%"
"10/13/2021","0.46","0.50","0.50","0.45","2.74M","-8.00%"
"10/12/2021","0.50","0.48","0.50","0.50","930.00K","4.17%"
"10/11/2021","0.48","0.48","0.50","0.49","127.99K","0.00%"
"10/08/2021","0.48","0.48","0.50","0.45","91.04K","0.00%"
"10/07/2021","0.48","0.48","0.48","0.48","556.50K","0.00%"
"10/06/2021","0.48","0.50","0.48","0.48","825.67K","-4.00%"
"10/05/2021","0.50","0.49","0.50","0.48","376.45K","2.04%"
"10/04/2021","0.49","0.49","0.52","0.50","32.40K","0.00%"
"09/30/2021","0.49","0.48","0.49","0.49","703.40K","2.08%"
"09/29/2021","0.48","0.50","0.48","0.48","541.00K","-4.00%"
"09/28/2021","0.50","0.50","0.50","0.50","344.91K","0.00%"
"09/27/2021","0.50","0.50","0.50","0.50","228.43K","0.00%"
"09/24/2021","0.50","0.50","0.50","0.49","515.99K","0.00%"
"09/23/2021","0.50","0.49","0.50","0.50","456.60K","2.04%"
"09/22/2021","0.49","0.49","0.49","0.47","1.03M","0.00%"
"09/21/2021","0.49","0.49","0.52","0.50","40.25K","0.00%"
"09/20/2021","0.49","0.49","0.49","0.49","218.63K","0.00%"
"09/17/2021","0.49","0.50","0.49","0.49","1.41M","-2.00%"
"09/16/2021","0.50","0.46","0.50","0.50","685.70K","8.70%"
"09/15/2021","0.46","0.45","0.47","0.45","4.12M","-4.17%"
"09/14/2021","0.48","0.50","0.48","0.48","1.05M","-4.00%"
"09/13/2021","0.50","0.50","0.50","0.50","561.27K","0.00%"
"09/10/2021","0.50","0.49","0.50","0.50","413.62K","2.04%"
"09/09/2021","0.49","0.51","0.49","0.49","114.90K","-3.92%"
"09/08/2021","0.51","0.51","0.51","0.47","1.96M","0.00%"
"09/07/2021","0.51","0.49","0.51","0.50","1.22M","4.08%"
"09/06/2021","0.49","0.45","0.49","0.49","424.14K","8.89%"
"09/03/2021","0.45","0.49","0.45","0.45","519.33K","-8.16%"
"09/02/2021","0.49","0.52","0.50","0.49","1.35M","-5.77%"
"09/01/2021","0.52","0.57","0.60","0.52","6.05M","-8.77%"
"08/31/2021","0.57","0.52","0.57","0.56","11.66M","9.62%"
"08/30/2021","0.52","0.48","0.52","0.52","10.93M","8.33%"
"08/27/2021","0.48","0.44","0.48","0.44","3.89M","9.09%"
"08/26/2021","0.44","0.41","0.44","0.43","2.76M","7.32%"
"08/25/2021","0.41","0.40","0.41","0.41","315.93K","2.50%"
"08/24/2021","0.40","0.44","0.43","0.40","5.31M","-9.09%"
"08/23/2021","0.44","0.40","0.44","0.42","1.77M","10.00%"
"08/20/2021","0.40","0.43","0.44","0.39","3.34M","-6.98%"
"08/19/2021","0.43","0.43","0.45","0.41","239.38K","0.00%"
"08/18/2021","0.43","0.43","0.43","0.43","367.31K","0.00%"
"08/17/2021","0.43","0.47","0.45","0.43","1.29M","-8.51%"
"08/16/2021","0.47","0.44","0.47","0.40","3.09M","6.82%"
"08/13/2021","0.44","0.40","0.44","0.40","3.75M","10.00%"
"08/12/2021","0.40","0.41","0.41","0.40","1.14M","-2.44%"
"08/11/2021","0.41","0.45","0.41","0.41","1.25M","-8.89%"
"08/10/2021","0.45","0.45","0.44","0.41","685.77K","0.00%"
"08/09/2021","0.45","0.45","0.41","0.41","39.45K","0.00%"
"08/06/2021","0.45","0.45","0.45","0.41","29.44K","0.00%"
"08/05/2021","0.45","0.45","0.45","0.41","31.78K","0.00%"
"08/04/2021","0.45","0.45","0.42","0.41","122.86K","0.00%"
"08/03/2021","0.45","0.49","0.45","0.45","1.33M","-8.16%"
"08/02/2021","0.49","0.48","0.49","0.49","761.81K","2.08%"
"07/30/2021","0.48","0.49","0.51","0.48","1.60M","-2.04%"
"07/29/2021","0.49","0.53","0.53","0.48","3.62M","-7.55%"
"07/28/2021","0.53","0.49","0.53","0.53","5.42M","8.16%"
"07/27/2021","0.49","0.45","0.49","0.44","2.80M","8.89%"
"07/26/2021","0.45","0.41","0.45","0.45","3.02M","9.76%"
"07/23/2021","0.41","0.38","0.41","0.40","1.33M","7.89%"
"07/22/2021","0.38","0.38","0.40","0.37","92.25K","0.00%"
"07/19/2021","0.38","0.41","0.38","0.37","991.95K","-7.32%"
"07/16/2021","0.41","0.45","0.47","0.41","1.70M","-8.89%"
"07/15/2021","0.45","0.41","0.45","0.42","3.81M","9.76%"
"07/14/2021","0.41","0.39","0.41","0.40","489.29K","5.13%"
"07/13/2021","0.39","0.36","0.39","0.34","1.28M","8.33%"
"07/12/2021","0.36","0.34","0.36","0.31","1.23M","5.88%"
"07/09/2021","0.34","0.31","0.34","0.34","1.26M","9.68%"
"07/08/2021","0.31","0.31","0.31","0.31","660.44K","0.00%"
"07/07/2021","0.31","0.31","0.33","0.31","31.00K","0.00%"
"07/06/2021","0.31","0.31","0.31","0.31","1.03M","0.00%"
"07/05/2021","0.31","0.31","0.33","0.33","3.00K","0.00%"
"07/02/2021","0.31","0.33","0.31","0.31","261.97K","-6.06%"
"07/01/2021","0.33","0.33","0.35","0.32","176.89K","0.00%"
"06/30/2021","0.33","0.33","0.35","0.31","67.38K","0.00%"
"06/29/2021","0.33","0.33","0.33","0.32","60.08K","0.00%"
"06/28/2021","0.33","0.33","0.33","0.31","523.45K","0.00%"
"06/25/2021","0.33","0.33","0.33","0.32","706.24K","0.00%"
"06/24/2021","0.33","0.33","0.33","0.33","1.27M","0.00%"
"06/23/2021","0.33","0.30","0.33","0.33","962.67K","10.00%"
"06/22/2021","0.30","0.30","0.32","0.31","49.68K","0.00%"
"06/21/2021","0.30","0.33","0.30","0.30","1.62M","-9.09%"
"06/18/2021","0.33","0.33","0.33","0.33","18.30K","0.00%"
"06/17/2021","0.33","0.33","0.33","0.31","18.70K","0.00%"
"06/16/2021","0.33","0.33","0.33","0.31","60.00K","0.00%"
"06/15/2021","0.33","0.33","0.35","0.31","1.17M","0.00%"
"06/11/2021","0.33","0.36","0.36","0.33","6.01M","-8.33%"
"06/10/2021","0.36","0.36","0.36","0.36","502.50K","0.00%"
"06/09/2021","0.36","0.36","0.38","0.36","16.40K","0.00%"
"06/08/2021","0.36","0.39","0.39","0.36","744.39K","-7.69%"
"06/07/2021","0.39","0.39","0.40","0.36","121.74K","0.00%"
"06/04/2021","0.39","0.37","0.39","0.36","1.89M","5.41%"
"06/03/2021","0.37","0.36","0.38","0.37","439.50K","2.78%"
"06/02/2021","0.36","0.37","0.37","0.36","1.02M","-2.70%"
"06/01/2021","0.37","0.38","0.37","0.37","1.18M","-2.63%"
"05/31/2021","0.38","0.38","0.38","0.38","394.00K","0.00%"
"05/28/2021","0.38","0.38","0.40","0.38","9.49K","0.00%"
"05/27/2021","0.38","0.38","0.41","0.41","0.10K","0.00%"
"05/26/2021","0.38","0.41","0.39","0.37","1.21M","-7.32%"
"05/25/2021","0.41","0.42","0.41","0.41","1.10M","-2.38%"
"05/24/2021","0.42","0.42","0.42","0.38","71.00K","0.00%"
"05/21/2021","0.42","0.42","0.42","0.42","304.91K","0.00%"
"05/20/2021","0.42","0.42","0.42","0.41","1.00M","0.00%"
"05/19/2021","0.42","0.42","0.43","0.39","135.00K","0.00%"
"05/18/2021","0.42","0.42","0.40","0.39","82.60K","0.00%"
"05/17/2021","0.42","0.42","0.43","0.39","34.20K","0.00%"
"05/14/2021","0.42","0.42","0.39","0.39","115.00K","0.00%"
"05/11/2021","0.42","0.42","0.42","0.40","63.98K","0.00%"
"05/10/2021","0.42","0.40","0.42","0.36","950.44K","5.00%"
"05/07/2021","0.40","0.40","0.40","0.40","525.50K","0.00%"
"05/06/2021","0.40","0.39","0.40","0.40","772.51K","2.56%"
"05/05/2021","0.39","0.40","0.39","0.39","643.56K","-2.50%"
"05/04/2021","0.40","0.42","0.40","0.40","824.55K","-4.76%"
"04/30/2021","0.42","0.39","0.42","0.41","2.15M","7.69%"
"04/29/2021","0.39","0.36","0.39","0.39","165.00K","8.33%"
"04/28/2021","0.36","0.40","0.40","0.36","5.54M","-10.00%"
"04/27/2021","0.40","0.40","0.40","0.40","522.75K","0.00%"
"04/26/2021","0.40","0.39","0.41","0.40","7.16M","2.56%"
"04/23/2021","0.39","0.40","0.39","0.39","867.40K","-2.50%"
"04/22/2021","0.40","0.41","0.41","0.40","2.65M","-2.44%"
"04/21/2021","0.41","0.41","0.42","0.41","3.35M","0.00%"
"04/20/2021","0.41","0.45","0.43","0.41","2.12M","-8.89%"
"04/19/2021","0.45","0.50","0.48","0.45","1.53M","-10.00%"
"04/16/2021","0.50","0.47","0.50","0.43","2.19M","6.38%"
"04/15/2021","0.47","0.43","0.47","0.47","776.90K","9.30%"
"04/14/2021","0.43","0.43","0.43","0.43","624.00K","0.00%"
"04/13/2021","0.43","0.43","0.46","0.41","111.79K","0.00%"
"04/12/2021","0.43","0.43","0.42","0.41","23.24K","0.00%"
"04/09/2021","0.43","0.43","0.46","0.41","100.60K","0.00%"
"04/08/2021","0.43","0.43","0.46","0.41","25.87K","0.00%"
"04/07/2021","0.43","0.43","0.47","0.39","631.27K","0.00%"
"04/06/2021","0.43","0.42","0.44","0.43","469.75K","2.38%"
"04/01/2021","0.42","0.46","0.42","0.42","534.79K","-8.70%"
"03/31/2021","0.46","0.48","0.46","0.46","290.97K","-4.17%"
"03/30/2021","0.48","0.46","0.48","0.42","812.28K","4.35%"
"03/29/2021","0.46","0.46","0.50","0.42","140.00K","0.00%"
"03/26/2021","0.46","0.51","0.46","0.46","382.37K","-9.80%"
"03/25/2021","0.51","0.51","0.51","0.46","173.54K","0.00%"
"03/24/2021","0.51","0.47","0.51","0.51","308.67K","8.51%"
"03/23/2021","0.47","0.43","0.47","0.43","1.39M","9.30%"
"03/22/2021","0.43","0.42","0.43","0.43","341.73K","2.38%"
"03/19/2021","0.42","0.42","0.42","0.42","100.67K","0.00%"
"03/18/2021","0.42","0.42","0.44","0.40","75.00K","0.00%"
"03/17/2021","0.42","0.42","0.45","0.41","25.97K","0.00%"
"03/16/2021","0.42","0.43","0.42","0.42","964.50K","-2.33%"
"03/15/2021","0.43","0.42","0.46","0.43","373.40K","2.38%"
"03/12/2021","0.42","0.42","0.46","0.38","122.32K","0.00%"
"03/11/2021","0.42","0.42","0.46","0.39","137.15K","0.00%"
"03/10/2021","0.42","0.45","0.42","0.42","661.11K","-6.67%"
"03/09/2021","0.45","0.45","0.45","0.45","0.01K","0.00%"
"03/08/2021","0.45","0.45","0.45","0.45","119.34K","0.00%"
"03/05/2021","0.45","0.42","0.45","0.45","242.76K","7.14%"
"03/04/2021","0.42","0.45","0.42","0.41","19.59M","-6.67%"
"03/03/2021","0.45","0.48","0.48","0.45","610.58K","-6.25%"
"03/02/2021","0.48","0.48","0.50","0.49","18.04K","0.00%"
"03/01/2021","0.48","0.49","0.48","0.46","1.48M","-2.04%"
"02/26/2021","0.49","0.50","0.49","0.49","249.13K","-2.00%"
"02/25/2021","0.50","0.50","0.54","0.48","209.78K","0.00%"
"02/24/2021","0.50","0.50","0.50","0.48","154.87K","0.00%"
"02/23/2021","0.50","0.50","0.54","0.49","111.80K","0.00%"
"02/22/2021","0.50","0.53","0.50","0.50","286.45K","-5.66%"
"02/19/2021","0.53","0.49","0.53","0.49","427.20K","8.16%"
"02/18/2021","0.49","0.50","0.49","0.49","673.45K","-2.00%"
"02/17/2021","0.50","0.51","0.52","0.50","1.24M","-1.96%"
"02/16/2021","0.51","0.51","0.56","0.52","111.35K","0.00%"
"02/15/2021","0.51","0.51","0.56","0.51","355.14K","0.00%"
"02/12/2021","0.51","0.52","0.51","0.50","2.24M","-1.92%"
"02/11/2021","0.52","0.53","0.54","0.52","1.34M","-1.89%"
"02/10/2021","0.53","0.53","0.58","0.53","1.21M","0.00%"
"02/09/2021","0.53","0.53","0.53","0.53","859.68K","0.00%"
"02/08/2021","0.53","0.52","0.57","0.52","2.03M","1.92%"
"02/05/2021","0.52","0.48","0.52","0.45","3.34M","8.33%"
"02/04/2021","0.48","0.53","0.51","0.48","3.10M","-9.43%"
"02/03/2021","0.53","0.53","0.54","0.53","1.08M","0.00%"
"02/02/2021","0.53","0.55","0.53","0.53","679.30K","-3.64%"
"02/01/2021","0.55","0.55","0.59","0.50","5.22M","0.00%"
"01/29/2021","0.55","0.55","0.59","0.55","1.52M","0.00%"
"01/28/2021","0.55","0.55","0.60","0.55","4.98M","0.00%"
"01/27/2021","0.55","0.60","0.55","0.54","2.71M","-8.33%"
"01/26/2021","0.60","0.60","0.60","0.59","1.59M","0.00%"
"01/25/2021","0.60","0.60","0.61","0.58","4.69M","0.00%"
"01/22/2021","0.60","0.62","0.62","0.60","1.94M","-3.23%"
"01/21/2021","0.62","0.63","0.64","0.62","3.77M","-1.59%"
"01/20/2021","0.63","0.66","0.63","0.60","6.61M","-4.55%"
"01/19/2021","0.66","0.72","0.72","0.65","3.72M","-8.33%"
"01/18/2021","0.72","0.69","0.72","0.67","6.62M","4.35%"
"01/15/2021","0.69","0.66","0.70","0.69","4.76M","4.55%"
"01/14/2021","0.66","0.64","0.66","0.62","4.62M","3.13%"
"01/13/2021","0.64","0.68","0.69","0.63","6.56M","-5.88%"
"01/12/2021","0.68","0.70","0.69","0.68","3.58M","-2.86%"
"01/11/2021","0.70","0.72","0.75","0.69","4.17M","-2.78%"
"01/08/2021","0.72","0.66","0.72","0.70","7.24M","9.09%"
"01/07/2021","0.66","0.60","0.66","0.60","4.31M","10.00%"
"01/06/2021","0.60","0.65","0.65","0.60","5.34M","-7.69%"
"01/05/2021","0.65","0.72","0.78","0.65","7.23M","-9.72%"
"01/04/2021","0.72","0.66","0.72","0.72","5.90M","9.09%"
"12/31/2020","0.66","0.73","0.66","0.66","296.15K","-9.59%"
"12/30/2020","0.73","0.81","0.73","0.73","5.25M","-9.88%"
"12/29/2020","0.81","0.89","0.97","0.81","18.04M","-8.99%"
"12/24/2020","0.89","0.81","0.89","0.89","2.12M","9.88%"
"12/23/2020","0.81","0.74","0.81","0.81","3.05M","9.46%"
"12/22/2020","0.74","0.74","0.74","0.74","2.54M","8.82%"
"12/21/2020","0.68","0.68","0.68","0.68","567.08K","9.68%"
"12/18/2020","0.62","0.57","0.62","0.62","4.16M","8.77%"
"12/17/2020","0.57","0.52","0.57","0.57","6.21M","9.62%"
"12/16/2020","0.52","0.52","0.57","0.57","500.59K","0.00%"
"12/15/2020","0.52","0.48","0.52","0.52","6.21M","8.33%"
"12/14/2020","0.48","0.44","0.48","0.44","8.05M","9.09%"
"12/11/2020","0.44","0.44","0.44","0.40","13.46M","10.00%"
"12/10/2020","0.40","0.37","0.40","0.40","1.46M","8.11%"
"12/09/2020","0.37","0.34","0.37","0.37","751.11K","8.82%"
"12/08/2020","0.34","0.31","0.34","0.34","1.31M","9.68%"
"12/07/2020","0.31","0.29","0.31","0.27","15.64M","6.90%"
"12/04/2020","0.29","0.27","0.29","0.27","7.44M","7.41%"
"12/03/2020","0.27","0.25","0.27","0.23","1.94M","8.00%"
"12/02/2020","0.25","0.23","0.25","0.25","1.42M","8.70%"
"12/01/2020","0.23","0.25","0.23","0.23","1.06M","-8.00%"
"11/30/2020","0.25","0.25","0.25","0.23","1.46M","0.00%"
"11/27/2020","0.25","0.26","0.25","0.24","3.15M","-3.85%"
"08/31/2020","0.26","0.24","0.26","0.26","2.67M","8.33%"
"08/28/2020","0.24","0.22","0.24","0.20","11.34M","9.09%"
"08/27/2020","0.22","0.22","0.24","0.22","175.58K","0.00%"
"08/26/2020","0.22","0.20","0.22","0.21","2.44M","10.00%"
"08/25/2020","0.20","0.20","0.20","0.20","5.76M","0.00%"
"08/24/2020","0.20","0.20","0.20","0.20","2.41M","0.00%"
"08/18/2020","0.20","0.20","0.20","0.20","1.80K","0.00%"
"08/14/2020","0.20","0.20","0.20","0.20","1.00K","0.00%"
"08/10/2020","0.20","0.20","0.20","0.20","3.75K","0.00%"
"08/07/2020","0.20","0.20","0.20","0.20","5.00K","0.00%"
"08/06/2020","0.20","0.20","0.20","0.20","2.00K","0.00%"
"08/03/2020","0.20","0.20","0.20","0.20","0.10K","0.00%"
"07/29/2020","0.20","0.20","0.20","0.20","1.00K","0.00%"
"07/13/2020","0.20","0.20","0.20","0.20","1.50K","0.00%"
"07/10/2020","0.20","0.20","0.20","0.20","2.98M","0.00%"
"07/09/2020","0.20","0.20","0.20","0.20","205.00K","0.00%"
"07/08/2020","0.20","0.20","0.20","0.20","60.00K","0.00%"
"07/03/2020","0.20","0.20","0.20","0.20","25.00K","0.00%"
"06/29/2020","0.20","0.20","0.20","0.20","198.20K","0.00%"
"06/26/2020","0.20","0.20","0.20","0.20","350.00K","0.00%"
"06/23/2020","0.20","0.20","0.20","0.20","1.00K","0.00%"
"06/22/2020","0.20","0.20","0.20","0.20","98.15K","0.00%"
"06/19/2020","0.20","0.20","0.20","0.20","2.00K","0.00%"
"06/18/2020","0.20","0.20","0.20","0.20","6.00K","0.00%"
"06/16/2020","0.20","0.20","0.20","0.20","34.00K","0.00%"
"06/15/2020","0.20","0.20","0.20","0.20","17.00K","0.00%"
"06/11/2020","0.20","0.20","0.20","0.20","25.00K","0.00%"
"06/05/2020","0.20","0.20","0.20","0.20","6.00K","0.00%"
"05/29/2020","0.20","0.20","0.20","0.20","500.00K","0.00%"
"05/27/2020","0.20","0.20","0.20","0.20","20.00K","0.00%"
"05/22/2020","0.20","0.20","0.20","0.20","31.50K","0.00%"
"05/20/2020","0.20","0.20","0.20","0.20","98.00K","0.00%"
"05/19/2020","0.20","0.20","0.20","0.20","0.10K","0.00%"
"05/12/2020","0.20","0.20","0.20","0.20","0.80K","0.00%"
"05/08/2020","0.20","0.20","0.20","0.20","18.50K","0.00%"
"05/07/2020","0.20","0.20","0.20","0.20","14.50K","0.00%"
"05/05/2020","0.20","0.20","0.20","0.20","6.82K","0.00%"
"04/30/2020","0.20","0.20","0.20","0.20","5.00K","0.00%"
"04/28/2020","0.20","0.20","0.20","0.20","40.22K","0.00%"
"04/27/2020","0.20","0.20","0.20","0.20","0.33K","0.00%"
"04/24/2020","0.20","0.20","0.20","0.20","16.96M","0.00%"
"04/01/2020","0.20","0.20","0.20","0.20","10.00K","0.00%"
"03/25/2020","0.20","0.20","0.20","0.20","0.35K","0.00%"
"03/18/2020","0.20","0.20","0.00","0.00","3.00K","0.00%"
"03/10/2020","0.20","0.20","0.00","0.00","0.48K","0.00%"
"03/03/2020","0.20","0.20","0.00","0.00","0.10K","0.00%"
"02/26/2020","0.20","0.20","0.00","0.00","5.00K","0.00%"
"02/20/2020","0.20","0.20","0.00","0.00","5.00K","0.00%"
"02/19/2020","0.20","0.20","0.00","0.00","13.75K","0.00%"
"02/14/2020","0.20","0.20","0.00","0.00","0.40K","0.00%"
"02/11/2020","0.20","0.20","0.00","0.00","5.02K","0.00%"
"02/07/2020","0.20","0.20","0.00","0.00","0.20K","0.00%"
"02/05/2020","0.20","0.20","0.00","0.00","2.00K","0.00%"
"02/04/2020","0.20","0.20","0.00","0.00","0.50K","0.00%"
"01/31/2020","0.20","0.20","0.20","0.20","5.50M","0.00%"
"01/29/2020","0.20","0.20","0.00","0.00","0.07K","0.00%"
"01/28/2020","0.20","0.20","0.00","0.00","3.90K","0.00%"
"01/24/2020","0.20","0.20","0.20","0.20","650.00K","0.00%"
"01/23/2020","0.20","0.20","0.20","0.20","1.93M","0.00%"
"01/20/2020","0.20","0.20","0.20","0.20","4.52M","0.00%"
"01/15/2020","0.20","0.20","0.20","0.20","2.00M","0.00%"
"01/14/2020","0.20","0.20","0.20","0.20","555.60K","0.00%"
"01/13/2020","0.20","0.20","0.00","0.00","20.00K","0.00%"
"01/10/2020","0.20","0.20","0.00","0.00","4.50K","0.00%"
"01/09/2020","0.20","0.20","0.00","0.00","0.10K","0.00%"
"01/08/2020","0.20","0.20","0.20","0.20","206.10K","0.00%"
"01/06/2020","0.20","0.20","0.20","0.20","1.87M","0.00%"
"01/03/2020","0.20","0.20","0.20","0.20","450.00K","0.00%"
"12/16/2019","0.20","0.20","0.00","0.00","0.15K","0.00%"
"12/13/2019","0.20","0.20","0.00","0.00","2.56K","0.00%"
"12/11/2019","0.20","0.20","0.00","0.00","25.00K","0.00%"
"12/10/2019","0.20","0.20","0.20","0.20","5.50M","0.00%"
"06/25/2019","0.20","0.20","0.00","0.00","0.27K","0.00%"
"06/24/2019","0.20","0.20","0.00","0.00","10.00K","0.00%"
"06/20/2019","0.20","0.20","0.00","0.00","1.00K","0.00%"
"06/13/2019","0.20","0.20","0.00","0.00","100.00K","0.00%"
"06/10/2019","0.20","0.20","0.20","0.20","173.00K","0.00%"
"06/07/2019","0.20","0.20","0.00","0.00","0.50K","0.00%"
"06/06/2019","0.20","0.20","0.00","0.00","23.38K","0.00%"
"06/03/2019","0.20","0.20","0.00","0.00","4.42K","0.00%"
"05/22/2019","0.20","0.20","0.00","0.00","0.06K","0.00%"
"05/16/2019","0.20","0.20","0.20","0.20","150.00K","0.00%"
"05/10/2019","0.20","0.20","0.00","0.00","2.00K","0.00%"
"05/09/2019","0.20","0.20","0.20","0.20","167.08K","0.00%"
"05/08/2019","0.20","0.20","0.20","0.20","2.03M","0.00%"
"05/07/2019","0.20","0.20","0.00","0.00","25.00K","0.00%"
"05/02/2019","0.20","0.20","0.00","0.00","60.00K","0.00%"
"04/25/2019","0.20","0.20","0.20","0.20","182.00K","0.00%"
"04/17/2019","0.20","0.20","0.00","0.00","0.00K","0.00%"
"04/15/2019","0.20","0.20","0.00","0.00","0.10K","0.00%"
"04/12/2019","0.20","0.20","0.00","0.00","1.20K","0.00%"
"04/03/2019","0.20","0.20","0.00","0.00","5.00K","0.00%"
"04/02/2019","0.20","0.20","0.00","0.00","2.00K","0.00%"
"03/25/2019","0.20","0.20","0.00","0.00","15.00K","0.00%"